,Sport_-1,drug_1896,equity_1896,drug_1900,equity_1900,drug_1904,equity_1904,drug_1906,equity_1906,drug_1908,equity_1908,drug_1912,equity_1912,drug_1920,equity_1920,drug_1924,equity_1924,drug_1928,equity_1928,drug_1932,equity_1932,drug_1936,equity_1936,drug_1948,equity_1948,drug_1952,equity_1952,drug_1956,equity_1956,drug_1960,equity_1960,drug_1964,equity_1964,drug_1968,equity_1968,drug_1972,equity_1972,drug_1976,equity_1976,drug_1980,equity_1980,drug_1984,equity_1984,drug_1988,equity_1988,drug_1992,equity_1992,drug_1996,equity_1996,drug_2000,equity_2000,drug_2004,equity_2004,drug_2008,equity_2008,drug_2012,equity_2012,drug_2016,equity_2016,drug_2020,equity_2020,drug_2024,equity_2024,estimate per event_2024,label_1896,label_1900,label_1904,label_1906,label_1908,label_1912,label_1920,label_1924,label_1928,label_1932,label_1936,label_1948,label_1952,label_1956,label_1960,label_1964,label_1968,label_1972,label_1976,label_1980,label_1984,label_1988,label_1992,label_1996,label_2000,label_2004,label_2008,label_2012,label_2016,label_2020,label_2024,popularity_1896,popularity_1900,popularity_1904,popularity_1906,popularity_1908,popularity_1912,popularity_1920,popularity_1924,popularity_1928,popularity_1932,popularity_1936,popularity_1948,popularity_1952,popularity_1956,popularity_1960,popularity_1964,popularity_1968,popularity_1972,popularity_1976,popularity_1980,popularity_1984,popularity_1988,popularity_1992,popularity_1996,popularity_2000,popularity_2004,popularity_2008,popularity_2012,popularity_2016,popularity_2020,popularity_2024,normalized_country_1896,normalized_country_1900,normalized_country_1904,normalized_country_1906,normalized_country_1908,normalized_country_1912,normalized_country_1920,normalized_country_1924,normalized_country_1928,normalized_country_1932,normalized_country_1936,normalized_country_1948,normalized_country_1952,normalized_country_1956,normalized_country_1960,normalized_country_1964,normalized_country_1968,normalized_country_1972,normalized_country_1976,normalized_country_1980,normalized_country_1984,normalized_country_1988,normalized_country_1992,normalized_country_1996,normalized_country_2000,normalized_country_2004,normalized_country_2008,normalized_country_2012,normalized_country_2016,normalized_country_2020,normalized_country_2024,CV_1896,CV_1900,CV_1904,CV_1906,CV_1908,CV_1912,CV_1920,CV_1924,CV_1928,CV_1932,CV_1936,CV_1948,CV_1952,CV_1956,CV_1960,CV_1964,CV_1968,CV_1972,CV_1976,CV_1980,CV_1984,CV_1988,CV_1992,CV_1996,CV_2000,CV_2004,CV_2008,CV_2012,CV_2016
0,Alpine Skiing,0.0,,,,,,,,,,,,,,,,,,,,,0.3592233009708738,,0.2583333333333333,,0.335978835978836,,0.3573200992555831,,0.403125,,0.3284671532846715,,0.3199052132701421,,0.3846153846153846,,0.3205128205128205,,0.3761467889908257,,0.3266832917705736,,0.3607784431137724,,0.348,,,,,,,,,,,,,,,,,2000.0,0,0,0,0,0,0,0,0,0,0,1,1,1,1,1,1,1,1,1,1,1,1,1,0,0,0,0,0,0,0,0,0.0,0.0,0.0,0.0,0.0,0.0,0.0,0.0,0.0,0.0,0.0139189189189189,0.0481283422459893,0.0403932464201752,0.0626359962698166,0.0346507850568489,0.0433544303797468,0.04027101822693,0.0271761852997742,0.0371357836602551,0.0365894595501846,0.0346047635484984,0.0455164895066775,0.0456954852860537,0.0,0.0,0.0,0.0,0.0,0.0,0.0,0.0,,,,,,,,,,,0.13,0.125,0.14,0.145,0.11,0.155,0.165,0.135,0.165,0.15,0.21,0.215,0.25,,,,,,,,,0.0,0.0,0.0,0.0,0.0,0.0,0.0,0.0,0.0,0.0,0.8704564895371267,0.8980605256834676,0.8180579768709576,0.9530601610331396,0.6685009455825436,1.027839138786786,0.8001253615779188,0.9453932050844892,0.6277698978131602,0.941454084334076,0.8101524397753171,0.9754101914144284,1.038671490244372,0.0,0.0,0.0,0.0,0.0,0.0
1,Alpinism,0.0,,,,,,,,,,,,,,,0.0,,,,0.0,,0.5,,,,,,,,,,,,,,,,,,,,,,,,,,,,,,,,,,,,,,,,,500.0,0,0,0,0,0,0,0,1,0,1,1,0,0,0,0,0,0,0,0,0,0,0,0,0,0,0,0,0,0,0,0,0.0,0.0,0.0,0.0,0.0,0.0,0.0,0.0036887405585807,0.0,0.0006022282445046,0.0002702702702702,0.0,0.0,0.0,0.0,0.0,0.0,0.0,0.0,0.0,0.0,0.0,0.0,0.0,0.0,0.0,0.0,0.0,0.0,0.0,0.0,,,,,,,,0.02,,0.005,0.005,,,,,,,,,,,,,,,,,,,,,0.0,0.0,0.0,0.0,0.0,0.0,0.0,0.6573421981221796,0.0,0.8660254037844388,0.8660254037844388,0.0,0.0,0.0,0.0,0.0,0.0,0.0,0.0,0.0,0.0,0.0,0.0,0.0,0.0,0.0,0.0,0.0,0.0
2,Archery,0.0,,,0.0,,0.2285714285714285,,,,0.3246753246753247,,,,0.0,,,,,,,,,,,,,,,,,,,,,,0.4210526315789473,,0.421875,,0.4328358208955223,,0.4311926605504587,,0.4163424124513619,,0.4534412955465587,,0.5,,0.4854368932038835,,0.5141509433962265,,0.4845360824742268,,0.5,,0.5,,0.5,,0.5,100.0,0,1,1,0,1,0,1,0,0,0,0,0,0,0,0,0,0,1,1,1,1,1,1,1,1,1,1,1,1,1,1,0.0,0.0165289256198347,0.05380476556495,0.0,0.0248306997742663,0.0,0.0200372786579683,0.0,0.0,0.0,0.0,0.0,0.0,0.0,0.0,0.0,0.0,0.0079438080107032,0.0060940773186059,0.0074969229047778,0.0094062823610631,0.0175115835377487,0.0150490464875403,0.0158200290275761,0.0149048549309022,0.0157702893699323,0.0142626084399353,0.0154798761609907,0.0146113383985973,0.012112036336109,0.0125539427226363,,0.015,0.005,,0.015,,0.015,,,,,,,,,,,0.135,0.12,0.125,0.175,0.205,0.22,0.205,0.23,0.215,0.245,0.275,0.28,,,0.0,0.786203289358708,0.4842775746689512,0.0,0.5682507658350957,0.0,1.0916501271011696,0.0,0.0,0.0,0.0,0.0,0.0,0.0,0.0,0.0,0.0,0.5510649635467575,0.5847219192505987,0.5186739731141549,0.4860004610187405,0.7366218939124874,0.8770374615587204,0.8727766598082738,0.840279324127165,0.8939228920554534,0.8192159254709821,0.7515477363414781,0.8493257129433128
3,Art Competitions,0.0,,,,,,,,,,,0.0,,0.0909090909090909,,0.1037735849056603,,0.068069306930693,,0.1405693950177935,,0.063960639606396,,0.1656050955414012,,,,,,,,,,,,,,,,,,,,,,,,,,,,,,,,,,,,,,,0.0,0,0,0,0,0,1,1,1,1,1,1,1,0,0,0,0,0,0,0,0,0,0,0,0,0,0,0,0,0,0,0,0.0,0.0,0.0,0.0,0.0,0.0081683168316831,0.0025629077353215,0.0558580713156508,0.1449587369931826,0.338452273411623,0.1098648648648648,0.0629679144385026,0.0,0.0,0.0,0.0,0.0,0.0,0.0,0.0,0.0,0.0,0.0,0.0,0.0,0.0,0.0,0.0,0.0,0.0,0.0,,,,,,0.06,0.025,0.12,0.095,0.18,0.12,0.135,,,,,,,,,,,,,,,,,,,,0.0,0.0,0.0,0.0,0.0,0.5598319075453653,0.5160420110886788,0.8740125500576016,0.8594168586267616,0.8294200496762502,0.6809223405186584,0.8674832872717333,0.0,0.0,0.0,0.0,0.0,0.0,0.0,0.0,0.0,0.0,0.0,0.0,0.0,0.0,0.0,0.0,0.0
4,Athletics,0.0,0.0,,0.0,,0.0,,0.0,,0.0,,0.0,,0.0,,0.0,,0.1300403225806451,,0.1532567049808429,,0.1330685203574975,,0.2245480494766888,,0.2232142857142857,,0.2132280355380059,,0.2057926829268292,,0.2569288389513108,,0.2631970260223048,,0.3001186239620403,1.0,0.323053199691596,,0.2949526813880126,4.0,0.3028673835125448,1.0,0.3579049466537342,5.0,0.36952288218111,7.0,0.3755238893545683,4.0,0.4177471636952998,17.0,0.4602298850574712,46.0,0.4759358288770053,86.0,0.4815627743634767,2.0,0.4816586921850079,7.0,0.48,2.0,0.5,7500.0,1,1,1,1,1,1,1,1,1,1,1,1,1,1,1,1,1,1,1,1,1,1,1,1,1,1,1,1,1,1,1,0.2789473684210526,0.1208677685950413,0.1544965411222136,0.271206001154068,0.2508868107062238,0.2381188118811881,0.1978098788443616,0.1761812752503073,0.1779691424470757,0.1571815718157181,0.136081081081081,0.1405080213903743,0.1436204317161786,0.1574448243705315,0.1420682187330806,0.1408227848101265,0.1283519419791965,0.1409816874320595,0.1235002856598743,0.1418820633322144,0.1444597859855022,0.1405014990460616,0.1251447023700725,0.1731494920174165,0.1785688445119745,0.1617942423566168,0.164975738861932,0.1763157894736842,0.1832261835184102,0.179788039364118,0.1775205963122793,0.045,0.085,0.055,0.1,0.1,0.135,0.125,0.2,0.2,0.17,0.215,0.265,0.285,0.295,0.36,0.4,0.46,0.52,0.395,0.35,0.62,0.74,0.78,0.95,0.965,0.98,1.0,1.005,1.0,,,1.001049648656761,0.9756674140727044,0.9781022940208016,0.892951768436883,1.0322520480212192,1.17924759177927,1.0247561351240315,1.1269961513278446,1.1526803047169778,1.2509107178876575,1.1804750203641656,1.0642792936843437,1.064428674654733,1.059613268189659,1.0649211744635378,1.0244510586396092,0.97101349123546,1.0623388311287054,1.207508252785399,1.0126971687308874,1.0532890377816335,1.032189621790079,0.9866999693040333,1.0162115388789676,0.9823826697485694,0.9846875416917026,1.0585618038454596,0.9646079043059592,0.9748015588767772
5,Badminton,0.0,,,,,,,,,,,,,,,,,,,,,,,,,,,,,,,,,,,,,,,,,,,,,0.4867256637168141,,0.5057034220532319,,0.5288888888888889,,0.505,,0.5163043478260869,,0.5164835164835165,,0.4971751412429379,,0.5,,0.5,750.0,0,0,0,0,0,0,0,0,0,0,0,0,0,0,0,0,0,0,0,0,0,0,1,1,1,1,1,1,1,1,1,0.0,0.0,0.0,0.0,0.0,0.0,0.0,0.0,0.0,0.0,0.0,0.0,0.0,0.0,0.0,0.0,0.0,0.0,0.0,0.0,0.0,0.0,0.0137695728995308,0.0190856313497822,0.0162795745604514,0.0148776314810682,0.0135274224378767,0.0140866873065015,0.0129310344827586,0.0162755488266464,0.0168693605335425,,,,,,,,,,,,,,,,,,,,,,,0.18,0.185,0.14,0.16,0.25,0.255,0.23,,,0.0,0.0,0.0,0.0,0.0,0.0,0.0,0.0,0.0,0.0,0.0,0.0,0.0,0.0,0.0,0.0,0.0,0.0,0.0,0.0,0.0,0.0,0.6121206057579025,0.7907035863820543,0.7991548492216248,0.8362449136201401,0.8370553301358785,0.818297544022213,0.7297821960154122
6,Baseball,0.0,,,,,,,,,,,,,,,,,,,,,,,,,,,,,,,,,,,,,,,,,,,,,0.0,,0.0,,0.0,2.0,0.0,,0.0,,,,,,,,,1250.0,0,0,0,0,0,0,0,0,0,0,0,0,0,0,0,0,0,0,0,0,0,0,1,1,1,1,1,0,0,0,0,0.0,0.0,0.0,0.0,0.0,0.0,0.0,0.0,0.0,0.0,0.0,0.0,0.0,0.0,0.0,0.0,0.0,0.0,0.0,0.0,0.0,0.0,0.0097483701943581,0.011611030478955,0.0138919036249186,0.0142081380644201,0.0140420526393177,0.0,0.0,0.0,0.0,,,,,,,,,,,,,,,,,,,,,,,0.04,0.04,0.04,0.04,0.04,,,,,0.0,0.0,0.0,0.0,0.0,0.0,0.0,0.0,0.0,0.0,0.0,0.0,0.0,0.0,0.0,0.0,0.0,0.0,0.0,0.0,0.0,0.0,0.6581061307646271,0.6268355399286538,0.7019183318720602,0.7526981735455219,0.6548500399498955,0.0,0.0
7,Basketball,0.0,,,,,,,,,,,,,,,,,,,,,0.0,,0.0,,0.0,,0.0,,0.0,,0.0,,0.0,1.0,0.0,,0.3380281690140845,,0.3348837209302325,,0.3333333333333333,,0.3940677966101695,,0.3983050847457627,,0.5035211267605634,,0.4965034965034965,,0.4982578397212543,,0.4982578397212543,,0.4982578397212543,,0.498220640569395,,0.5,,0.5,1000.0,0,0,0,0,0,0,0,0,0,0,1,1,1,1,1,1,1,1,1,1,1,1,1,1,1,1,1,1,1,1,1,0.0,0.0,0.0,0.0,0.0,0.0,0.0,0.0,0.0,0.0,0.0268918918918918,0.0383689839572192,0.031416969437914,0.0262667081131488,0.0207904710341093,0.0199367088607594,0.0182269300505773,0.0158876160214064,0.0202818510759855,0.0240572899183171,0.0183810838798757,0.0160806759334968,0.0143788460366782,0.0206095791001451,0.0206931481079516,0.0213494011753328,0.0210998382590795,0.0222136222910216,0.0205289304500292,0.0333080999242997,0.0345233424872499,,,,,,,,,,,0.105,0.115,0.115,0.075,0.08,0.08,0.08,0.08,0.065,0.07,0.065,0.07,0.075,0.095,0.09,0.09,0.095,0.085,0.085,,,0.0,0.0,0.0,0.0,0.0,0.0,0.0,0.0,0.0,0.0,0.8447319763142883,0.9745276507169176,0.7450022447423913,0.7970325897236858,0.8580286914166202,0.8155158038999394,0.6954763371216256,0.9012337223063852,0.7678738290907463,0.7439142101178182,0.8341884282646574,0.7698074728763775,0.6726812616672698,0.7329823953049749,0.718220324739404,0.7932708132745614,0.7038981146330433,0.7140553720549268,0.5132553290129536
8,Basque Pelota,0.0,,,0.0,,,,,,,,,,,,,,,,,,,,,,,,,,,,,,,,,,,,,,,,,,,,,,,,,,,,,,,,,,,200.0,0,1,0,0,0,0,0,0,0,0,0,0,0,0,0,0,0,0,0,0,0,0,0,0,0,0,0,0,0,0,0,0.0,0.0010330578512396,0.0,0.0,0.0,0.0,0.0,0.0,0.0,0.0,0.0,0.0,0.0,0.0,0.0,0.0,0.0,0.0,0.0,0.0,0.0,0.0,0.0,0.0,0.0,0.0,0.0,0.0,0.0,0.0,0.0,,0.005,,,,,,,,,,,,,,,,,,,,,,,,,,,,,,0.0,1.4142135623730951,0.0,0.0,0.0,0.0,0.0,0.0,0.0,0.0,0.0,0.0,0.0,0.0,0.0,0.0,0.0,0.0,0.0,0.0,0.0,0.0,0.0,0.0,0.0,0.0,0.0,0.0,0.0
9,Beach Volleyball,0.0,,,,,,,,,,,,,,,,,,,,,,,,,,,,,,,,,,,,,,,,,,,,,,,0.4285714285714285,,0.5,,0.5,,0.5,,0.5,,0.5,,,,0.5,500.0,0,0,0,0,0,0,0,0,0,0,0,0,0,0,0,0,0,0,0,0,0,0,0,1,1,1,1,1,1,0,1,0.0,0.0,0.0,0.0,0.0,0.0,0.0,0.0,0.0,0.0,0.0,0.0,0.0,0.0,0.0,0.0,0.0,0.0,0.0,0.0,0.0,0.0,0.0,0.0060957910014513,0.0069459518124593,0.0071412631109127,0.0070577856197618,0.0074303405572755,0.0070134424313267,0.0,0.0094154570419772,,,,,,,,,,,,,,,,,,,,,,,,0.105,0.115,0.12,0.115,0.115,0.12,,,0.0,0.0,0.0,0.0,0.0,0.0,0.0,0.0,0.0,0.0,0.0,0.0,0.0,0.0,0.0,0.0,0.0,0.0,0.0,0.0,0.0,0.0,0.0,0.7360977408617613,0.7484145034710697,0.674317713587612,0.6762575092004525,0.5347910451646551,0.8317432746947824
10,Biathlon,0.0,,,,,,,,,,,,,,,,,,,,,,,,,,,,,0.0,,0.0,,0.0,,0.0,,0.0,,0.0,,0.0,,0.0,,0.4048140043763676,,,,,,,,,,,,,,,,,1500.0,0,0,0,0,0,0,0,0,0,0,0,0,0,0,1,1,1,1,1,1,1,1,1,0,0,0,0,0,0,0,0,0.0,0.0,0.0,0.0,0.0,0.0,0.0,0.0,0.0,0.0,0.0,0.0,0.0,0.0,0.0032485110990795,0.005379746835443,0.0110697585647485,0.0088636173593109,0.0106646353075604,0.0177912051023833,0.0168277528477735,0.0141046606704824,0.0278437823676354,0.0,0.0,0.0,0.0,0.0,0.0,0.0,0.0,,,,,,,,,,,,,,,0.045,0.07,0.08,0.07,0.09,0.09,0.125,0.11,0.14,,,,,,,,,0.0,0.0,0.0,0.0,0.0,0.0,0.0,0.0,0.0,0.0,0.0,0.0,0.0,0.0,0.7734924681537618,0.7728015412913086,0.7157546048214324,0.8374751705023987,0.7378776921146271,0.6208126297974522,0.6236032387203724,0.8687314843692887,0.7192378175447586,0.0,0.0,0.0,0.0,0.0,0.0
11,Bobsleigh,0.0,,,,,,,,,,,,,,,0.0,,0.0,,0.0,,0.0,,0.0,,0.0,,0.0,,,,0.0,,0.0,,0.0,,0.0,,0.0,,0.0,,0.0,,0.0,,,,,,,,,,,,,,,,,3000.0,0,0,0,0,0,0,0,1,1,1,1,1,1,1,0,1,1,1,1,1,1,1,1,0,0,0,0,0,0,0,0,0.0,0.0,0.0,0.0,0.0,0.0,0.0,0.0068505181802213,0.0208109077861499,0.0156579343571213,0.0159459459459459,0.0122994652406417,0.0102586022654413,0.0209822816288467,0.0,0.0123417721518987,0.011451474377326,0.0095325696128438,0.012664254427728,0.0120845921450151,0.0131170176044183,0.0126737530662305,0.0131602997623834,0.0,0.0,0.0,0.0,0.0,0.0,0.0,0.0,,,,,,,,0.025,0.07,0.04,0.065,0.045,0.05,0.07,,0.055,0.055,0.055,0.065,0.055,0.08,0.115,0.125,,,,,,,,,0.0,0.0,0.0,0.0,0.0,0.0,0.0,0.5144957554275265,0.8112552957536866,0.647300071257896,0.652617417965898,0.7329003050503234,0.5349584615234677,0.5225452113859497,0.0,0.8401361996926225,0.8192214214568228,0.6320660889351517,0.7833410556543924,0.6915095733370332,0.9547712715508164,1.1920800243751444,0.8708400301039041,0.0,0.0,0.0,0.0,0.0,0.0
12,Boxing,0.0,,,,,0.0,,,,0.0,,,,0.0,,0.0,,0.0,,0.0,,0.0,,0.0,,0.0,,0.0,,0.0,,0.0,,0.0,,0.0,,0.0,,0.0,,0.0,,0.0,,0.0,,0.0,,0.0,1.0,0.0,,0.0,,0.127208480565371,2.0,0.127208480565371,,0.3496503496503496,1.0,0.5,350.0,0,0,1,0,1,0,1,1,1,1,1,1,1,1,1,1,1,1,1,1,1,1,1,1,1,1,1,1,1,1,1,0.0,0.0,0.0184473481936971,0.0,0.0135440180586907,0.0,0.027027027027027,0.0317934305287194,0.0258342303552206,0.0255947003914483,0.0241891891891891,0.0274064171122994,0.0266082496259884,0.0250233136462542,0.0304277206280454,0.0283755274261603,0.0292966886153258,0.029601137218831,0.0253285088554561,0.0303233747342508,0.0305488436313427,0.0294358135731807,0.020471577408152,0.0257619738751814,0.0222125750669271,0.0208286840734954,0.0208057638582561,0.0219040247678018,0.0206750438340151,0.0270628311884935,0.0243232640251078,,,0.005,,0.02,,0.06,0.135,0.145,0.09,0.155,0.195,0.215,0.17,0.27,0.28,0.325,0.4,0.27,0.255,0.405,0.53,0.39,0.485,0.375,0.36,0.385,0.385,0.38,,,0.0,0.0,0.786066940258844,0.0,0.6288216493304494,0.0,0.7502263522533105,1.0549651126406452,0.9377657373722396,0.8149537777469011,0.700344305804404,1.024022581851166,0.9802047477619312,0.8465885513715087,0.8072865490040358,0.8325333765731338,0.8127126733183182,0.8471758651608776,0.9110376891386974,0.8523519757164766,0.9588581612622564,0.8526809141983221,0.6954630931934269,0.8073736097608587,0.7194624255026463,0.7307185366691697,0.7985415048269937,0.605545879380012,0.6948014484655903
13,Canoeing,0.0,,,,,,,,,,,,,,,,,,,,,0.0,,0.0719424460431654,,0.0706521739130434,,0.0684931506849315,,0.1658767772511848,,0.1976047904191616,,0.1724137931034483,,0.1699164345403899,,0.1264705882352941,,0.1383399209486166,,0.197324414715719,,0.25,,0.24190800681431,,0.2730434782608695,,0.2299107142857142,,0.2580645161290322,1.0,0.2752293577981651,1.0,0.3660287081339713,1.0,0.3673469387755102,,0.5,,0.5,750.0,0,0,0,0,0,0,0,0,0,0,1,1,1,1,1,1,1,1,1,1,1,1,1,1,1,1,1,1,1,1,1,0.0,0.0,0.0,0.0,0.0,0.0,0.0,0.0,0.0,0.0,0.0193243243243243,0.0185828877005347,0.0196623210087625,0.0226919490208268,0.0228478613968597,0.0176160337552742,0.0193720774883099,0.030019232377289,0.0323747857550942,0.028309276043415,0.0258025543665861,0.0264377214499863,0.0357643331505513,0.0417271407837445,0.0324144417914767,0.032284460313918,0.0320541096897515,0.0323529411764705,0.032218001168907,0.031226343679031,0.0311887014515496,,,,,,,,,,,0.095,0.08,0.105,0.085,0.12,0.11,0.135,0.15,0.14,0.115,0.14,0.16,0.23,0.27,0.235,0.255,0.285,0.28,0.27,,,0.0,0.0,0.0,0.0,0.0,0.0,0.0,0.0,0.0,0.0,0.8308693549794226,0.6712401165758115,0.8184114566611757,0.8470527028711037,0.8693409393620313,0.9409267167439368,0.9037414217902612,0.8781953737427625,0.7727970993287486,0.7757866028539062,0.6878295465476967,0.6813301756786193,0.7817533626606668,0.7418529390799922,0.8556372646514173,0.83873844999607,0.9030876348003598,0.8510074129550077,0.7395743122892392
14,Cricket,0.0,,,0.0,,,,,,,,,,,,,,,,,,,,,,,,,,,,,,,,,,,,,,,,,,,,,,,,,,,,,,,,,,,1500.0,0,1,0,0,0,0,0,0,0,0,0,0,0,0,0,0,0,0,0,0,0,0,0,0,0,0,0,0,0,0,0,0.0,0.012396694214876,0.0,0.0,0.0,0.0,0.0,0.0,0.0,0.0,0.0,0.0,0.0,0.0,0.0,0.0,0.0,0.0,0.0,0.0,0.0,0.0,0.0,0.0,0.0,0.0,0.0,0.0,0.0,0.0,0.0,,0.01,,,,,,,,,,,,,,,,,,,,,,,,,,,,,,0.0,0.8287754140107481,0.0,0.0,0.0,0.0,0.0,0.0,0.0,0.0,0.0,0.0,0.0,0.0,0.0,0.0,0.0,0.0,0.0,0.0,0.0,0.0,0.0,0.0,0.0,0.0,0.0,0.0,0.0
15,Croquet,0.0,,,0.3157894736842105,,,,,,,,,,,,,,,,,,,,,,,,,,,,,,,,,,,,,,,,,,,,,,,,,,,,,,,,,,,75.0,0,1,0,0,0,0,0,0,0,0,0,0,0,0,0,0,0,0,0,0,0,0,0,0,0,0,0,0,0,0,0,0.0,0.0098140495867768,0.0,0.0,0.0,0.0,0.0,0.0,0.0,0.0,0.0,0.0,0.0,0.0,0.0,0.0,0.0,0.0,0.0,0.0,0.0,0.0,0.0,0.0,0.0,0.0,0.0,0.0,0.0,0.0,0.0,,0.005,,,,,,,,,,,,,,,,,,,,,,,,,,,,,,0.0,0.4242640687119285,0.0,0.0,0.0,0.0,0.0,0.0,0.0,0.0,0.0,0.0,0.0,0.0,0.0,0.0,0.0,0.0,0.0,0.0,0.0,0.0,0.0,0.0,0.0,0.0,0.0,0.0,0.0
16,Cross Country Skiing,0.0,,,,,,,,,,,,,,,0.0,,0.0,,0.0,,0.0,,0.0,,0.1063829787234042,,0.2545454545454545,,0.1805555555555555,,0.2740963855421687,,0.2674418604651162,,0.3522388059701492,,0.3139240506329114,,0.3495145631067961,,0.4025157232704403,,0.3977272727272727,,0.3933054393305439,,,,,,,,,,,,,,,,,1600.0,0,0,0,0,0,0,0,1,1,1,1,1,1,1,1,1,1,1,1,1,1,1,1,0,0,0,0,0,0,0,0,0.0,0.0,0.0,0.0,0.0,0.0,0.0,0.0129984191111891,0.0161463939720129,0.0222824450466726,0.0236486486486486,0.020855614973262,0.0200897627698226,0.0427416847995026,0.023389279913373,0.0350210970464135,0.0328275598816681,0.0280123756166903,0.0376118834507712,0.0345753608593487,0.0411632723507076,0.0359771054783319,0.0436848839334673,0.0,0.0,0.0,0.0,0.0,0.0,0.0,0.0,,,,,,,,0.06,0.075,0.055,0.11,0.075,0.095,0.1,0.095,0.12,0.125,0.095,0.12,0.12,0.16,0.175,0.2,,,,,,,,,0.0,0.0,0.0,0.0,0.0,0.0,0.0,0.6321810341670748,0.7271898393534584,0.615259602380663,0.8487950643261833,0.8216738580447127,0.9459578253026544,0.8126283097213522,0.8742015310462289,0.8331276661094428,0.7769890821840041,0.717063142276284,0.7933583344477653,0.6877669872456702,0.7836939237140064,0.9408779531646614,0.8953073763818419,0.0,0.0,0.0,0.0,0.0,0.0
17,Curling,0.0,,,,,,,,,,,,,,,0.0,,,,,,,,,,,,,,,,,,,,,,,,,,,,,,,,,,,,,,,,,,,,,,,500.0,0,0,0,0,0,0,0,1,0,0,0,0,0,0,0,0,0,0,0,0,0,0,0,0,0,0,0,0,0,0,0,0.0,0.0,0.0,0.0,0.0,0.0,0.0,0.0028104689970138,0.0,0.0,0.0,0.0,0.0,0.0,0.0,0.0,0.0,0.0,0.0,0.0,0.0,0.0,0.0,0.0,0.0,0.0,0.0,0.0,0.0,0.0,0.0,,,,,,,,0.015,,,,,,,,,,,,,,,,,,,,,,,,0.0,0.0,0.0,0.0,0.0,0.0,0.0,0.4677071733467427,0.0,0.0,0.0,0.0,0.0,0.0,0.0,0.0,0.0,0.0,0.0,0.0,0.0,0.0,0.0,0.0,0.0,0.0,0.0,0.0,0.0
18,Cycling,0.0,0.0,,0.0,,0.0,,0.0,,0.0,,0.0,,0.0,,0.0,,0.0,,0.0,,0.0,,0.0,,0.0,,0.0,,0.0,,0.0,,0.0,2.0,0.0,,0.0,,0.0,,0.0947368421052631,,0.1254826254826254,,0.1519434628975265,,0.273972602739726,1.0,0.2705314009661835,1.0,0.2841091492776886,4.0,0.2822085889570552,3.0,0.3847376788553259,1.0,0.4002998500749625,,0.4318181818181818,,0.5,2000.0,1,1,1,1,1,1,1,1,1,1,1,1,1,1,1,1,1,1,1,1,1,1,1,1,1,1,1,1,1,1,1,0.1078947368421052,0.0475206611570247,0.0468870099923136,0.0796306982111944,0.0867462108997097,0.0599009900990099,0.0493942218080149,0.0437379237660284,0.0407247936849659,0.0328214393255043,0.0406756756756756,0.0427807486631016,0.0415687112630904,0.0453838980416537,0.0458040064970221,0.0475738396624472,0.0460921843687374,0.0439836106697884,0.0373262235764616,0.0343515721159225,0.0409906800138073,0.0352957209048787,0.0344848595625418,0.0423802612481857,0.0449316257868461,0.0463438220635274,0.0479341273342155,0.0486842105263157,0.048728813559322,0.0499621498864496,0.0504119262455865,0.025,0.035,0.01,0.055,0.055,0.08,0.07,0.12,0.135,0.065,0.15,0.165,0.18,0.15,0.24,0.2,0.26,0.27,0.245,0.17,0.27,0.31,0.38,0.34,0.275,0.305,0.33,0.37,0.395,,,0.464829519280413,0.880527529122792,0.80869578227822,0.7967904592232649,0.7725644977923235,0.8101391296346111,0.8066631921317386,0.7837370437321596,1.0809815240727465,0.8396911343996827,1.218994524776749,0.7446447921250438,0.9010537928996872,1.018986200050025,0.8770089786389575,0.8924519081951992,0.9424516417647052,0.9747260985157856,0.7680952302139135,1.0022490588527109,1.0293186166580566,0.9862068417308816,0.9969815027061876,0.8142585352032322,0.8326696168787504,0.6586187778055689,0.7124511035103012,0.7364365777755243,0.8508788892181789
19,Diving,0.0,,,,,0.0,,0.0,,0.0,,0.1627906976744186,,0.2714285714285714,,0.3111111111111111,,0.3648648648648648,,0.4166666666666667,,0.4318181818181818,,0.3809523809523809,,0.3092783505154639,,0.4390243902439024,,0.375,,0.4411764705882353,,0.4220183486238532,,0.4596774193548387,,0.4952380952380952,,0.4659090909090909,,0.4455445544554455,,0.4351851851851852,,0.5089285714285714,,0.4532374100719424,,0.4831932773109244,,0.5051020408163265,,0.5,,0.4861878453038674,,0.5,,0.5,,0.5,350.0,0,0,1,1,1,1,1,1,1,1,1,1,1,1,1,1,1,1,1,1,1,1,1,1,1,1,1,1,1,1,1,0.0,0.0,0.0038431975403535,0.0138488170802077,0.0151564011609158,0.0212871287128712,0.0163094128611369,0.015808888108203,0.0132759239325439,0.010840108401084,0.0118918918918918,0.0112299465240641,0.0103654627057063,0.0127447932856698,0.0103952355170546,0.010759493670886,0.0104017558927378,0.01036875992976,0.0099980956008379,0.009846704710753,0.0087159130134622,0.0073589533932951,0.0068238591360506,0.0100870827285921,0.017220172201722,0.0145800788514468,0.013380385237465,0.0140092879256965,0.0130040911747516,0.0128690386071158,0.013338564142801,,,0.01,0.035,0.045,0.05,0.07,0.07,0.085,0.045,0.105,0.11,0.11,0.08,0.125,0.1,0.105,0.125,0.11,0.105,0.145,0.155,0.155,0.195,0.21,0.15,0.145,0.125,0.145,,,0.0,0.0,0.6666666666666666,0.361371874908208,0.5321533202339938,0.8456390359071746,0.7929821744978607,0.5790331781800311,0.8071781124135382,0.8010433677781893,0.6843895682450494,0.728827197503402,0.6845703881993169,0.6005099873423916,0.7992136220624496,0.7809076367614657,0.8561566754744692,0.7175455814537172,0.6836653692506466,0.7413645641532595,0.7215066738571205,0.5987336124929453,0.6615900515787801,0.721938054923862,0.6935983751366498,0.728515437637901,0.6773143018549728,0.6974421925636685,0.5599021834982253
20,Equestrianism,0.0,,,0.0253164556962025,,,,,,,,0.0,,0.0,,0.0,,0.0,,0.0,,0.0,,0.0,,0.0228136882129277,,0.0771812080536912,,0.0326086956521739,,0.1026785714285714,,0.1802575107296137,,0.1748466257668711,,0.1829268292682926,,0.1229508196721311,,0.3131672597864768,,0.3055555555555556,,0.3044554455445544,,0.2973760932944606,,0.3389830508474576,2.0,0.3180592991913746,6.0,0.3852941176470588,,0.3771428571428571,,0.3690140845070422,1.0,0.5,,0.5,2500.0,0,1,0,0,0,1,1,1,1,1,1,1,1,1,1,1,1,1,1,1,1,1,1,1,1,1,1,1,1,1,1,0.0,0.0408057851239669,0.0,0.0,0.0,0.0316831683168316,0.0307548928238583,0.0340769365887932,0.0416218155722999,0.0195724179464016,0.0345945945945945,0.0276737967914438,0.0281042957896986,0.0463164438918246,0.0298863021115322,0.0236286919831223,0.0222349460826414,0.0272598043314658,0.0234241096933917,0.0136511133489985,0.0242492233344839,0.0220768601798855,0.0246146347407542,0.0248911465892597,0.0213443310903697,0.0275980063973815,0.0249963240699897,0.0270897832817337,0.0259351256575102,0.0189250567751703,0.0196155355041192,,0.04,,,,0.05,0.04,0.085,0.1,0.03,0.105,0.085,0.125,0.145,0.145,0.1,0.09,0.135,0.115,0.055,0.15,0.16,0.175,0.15,0.185,0.19,0.21,0.2,0.215,,,0.0,0.6099539791083581,0.0,0.0,0.0,0.8015855342311585,0.7677526867131553,0.8989888964302559,0.7936433691478394,0.8457610135508236,0.9550616037216704,0.7000353068958391,0.676993426615022,0.7757174012100557,0.7447463329631158,0.7855635291362741,0.7270355139470828,0.7082969451914547,0.6745755758849149,0.4888435530408856,0.6207647584348609,0.9142785952838656,0.6738002789705323,0.6998505011847955,0.5481052998347861,0.5633380805444441,0.7414681965567979,0.6320234635965546,0.651269234104604
21,Fencing,0.0,0.0,,0.0,,0.0,,0.0,,0.0,,0.0,,0.0,,0.0589622641509434,,0.0627906976744186,,0.0885416666666666,,0.0737410071942446,,0.076771653543307,,0.0726915520628683,,0.0827338129496402,,0.1880199667221297,,0.1787941787941788,,0.1795918367346938,,0.1943887775551102,,0.2247422680412371,,0.2429906542056074,,0.2122641509433962,,0.2075098814229249,,0.2314410480349345,,0.3969072164948453,,0.3839541547277937,,0.3684210526315789,,0.4939759036144578,,0.5043478260869565,,0.5028901734104047,,0.5,,0.5,150.0,1,1,1,1,1,1,1,1,1,1,1,1,1,1,1,1,1,1,1,1,1,1,1,1,1,1,1,1,1,1,1,0.0394736842105263,0.1637396694214876,0.02152190622598,0.0929024812463935,0.0773943889068042,0.0938118811881188,0.081547064305685,0.0744774284208677,0.0771438823107283,0.057813911472448,0.0751351351351351,0.0679144385026738,0.054391964094892,0.0432079577245881,0.0650785056848944,0.0507383966244725,0.0467601870407481,0.0417258968141148,0.0461816796800609,0.035918093319906,0.0365895754228512,0.0344780594167348,0.0279047096813501,0.0281567489114658,0.025251428984878,0.0240273748419251,0.0244081752683428,0.0267027863777089,0.0252776154295733,0.0200605601816805,0.0207924676343664,0.02,0.095,0.02,0.06,0.07,0.08,0.065,0.115,0.135,0.08,0.145,0.15,0.16,0.115,0.21,0.15,0.17,0.185,0.17,0.1,0.19,0.21,0.21,0.23,0.2,0.21,0.225,0.22,0.235,,,0.6666666666666666,0.793313184229326,0.6599663291074443,0.7433298445176612,0.8877360957030499,0.7655450556091326,0.5751540452408038,0.6570972492753283,0.7263931847309207,0.8190355138684334,0.851211100961771,0.7618294077790169,0.7504463269386988,0.8002698838551949,0.9696555334215888,0.7886577114352904,0.8341130553946484,0.7475234198479437,0.8658440402972897,0.7116477687393551,0.8347781544538427,0.9146555338713364,0.7663871385702012,0.7989690721649485,0.7967776246269969,0.6225297202504919,0.8827700237274128,0.7800082821316497,0.7730085272277585
22,Figure Skating,0.0,,,,,,,,,0.3478260869565217,,,,0.4516129032258064,,0.4594594594594595,,0.5238095238095238,,0.5365853658536586,,0.5057471264367817,,0.5633802816901409,,0.5846153846153846,,0.5423728813559322,,0.5492957746478874,,0.5340909090909091,,0.5208333333333334,,0.5147058823529411,,0.5047619047619047,,0.5294117647058824,,0.5,,0.5116279069767442,,0.4962406015037593,,,,,,,,,,,,,,,,,750.0,0,0,0,0,1,0,1,1,1,1,1,1,1,1,1,1,1,1,1,1,1,1,1,0,0,0,0,0,0,0,0,0.0,0.0,0.0,0.0,0.0074169622702354,0.0,0.0072227399813606,0.0064992095555945,0.011302475780409,0.0123456790123456,0.0117567567567567,0.0094919786096256,0.0069459286172259,0.0091700341933478,0.0076881429344883,0.0092827004219409,0.0091611795018608,0.0056860941550296,0.0099980956008379,0.0095110215956137,0.0098377632033137,0.008789860997547,0.0081033327240601,0.0,0.0,0.0,0.0,0.0,0.0,0.0,0.0,,,,,0.03,,0.04,0.055,0.06,0.065,0.085,0.06,0.075,0.075,0.07,0.075,0.085,0.09,0.09,0.1,0.1,0.13,0.14,,,,,,,,,0.0,0.0,0.0,0.0,0.6619175256109994,0.0,0.6745758544801653,0.7745966692414834,0.6866940282729163,0.7698478057042802,0.632401564760309,0.8888021773587264,0.8764228151539534,0.8488721992619531,0.8759479069870786,0.9494333482932016,0.9928187849051276,0.6504637305456116,0.6456816258069931,0.8660254037844387,0.6184724952522737,0.7760858735270444,0.5514863256077224,0.0,0.0,0.0,0.0,0.0,0.0
23,Football,0.0,,,0.0,,0.0,,0.0,,0.0,,0.0,,0.0,,0.0,,0.0,,,,0.0,,0.0,,0.0,,0.0,,0.0,,0.0,,0.0,,0.0,,0.0,,0.0,,0.0,,0.0,,0.0,,0.3195876288659793,,0.3171355498721228,,0.3905882352941176,,0.4157782515991471,,0.4282655246252677,,0.4291754756871035,,0.4285714285714285,,0.5,6500.0,0,1,1,1,1,1,1,1,1,0,1,1,1,1,1,1,1,1,1,1,1,1,1,1,1,1,1,1,1,1,1,0.0,0.0180785123966942,0.0276710222905457,0.0259665320253894,0.0232183166720412,0.0403465346534653,0.0442684063373718,0.0490075531354294,0.0392895586652314,0.0,0.0271621621621621,0.0291443850267379,0.031416969437914,0.0222256760957413,0.0254466702761234,0.0225738396624472,0.0260521042084168,0.0224935195250439,0.0192344315368501,0.0286449591585543,0.0212288574387297,0.0183973834832379,0.0165722293304088,0.0281567489114658,0.028290282902829,0.0316149668972699,0.0344802234965446,0.0361455108359133,0.0345558153126826,0.0476911430734292,0.0564927422518634,,0.02,0.01,0.02,0.025,0.055,0.07,0.11,0.085,,0.08,0.09,0.125,0.055,0.08,0.07,0.08,0.08,0.065,0.08,0.08,0.08,0.08,0.105,0.1,0.11,0.105,0.12,0.115,,,0.0,0.7120612684313056,0.7071067811865476,0.7027283689263065,0.7174397870575491,0.916741620024396,0.6777518285477164,0.8467730628831349,0.7742218595772289,0.0,0.8424576592041841,0.8162096297549136,0.7192672565221085,0.8561208204131507,0.9145014171682526,0.7792730176171629,0.9588167708170316,0.8264124173085484,0.6875041773852465,0.727299140204067,0.8931095601043317,0.8926172620404963,0.9460919243678676,1.2969683472900553,1.2521903953817473,1.1515756113412396,1.1507186435315189,1.18345169061028,1.140817761715558
24,Freestyle Skiing,0.0,,,,,,,,,,,,,,,,,,,,,,,,,,,,,,,,,,,,,,,,,,,,,0.3380281690140845,,,,,,,,,,,,,,,,,2000.0,0,0,0,0,0,0,0,0,0,0,0,0,0,0,0,0,0,0,0,0,0,0,1,0,0,0,0,0,0,0,0,0.0,0.0,0.0,0.0,0.0,0.0,0.0,0.0,0.0,0.0,0.0,0.0,0.0,0.0,0.0,0.0,0.0,0.0,0.0,0.0,0.0,0.0,0.0043258392737464,0.0,0.0,0.0,0.0,0.0,0.0,0.0,0.0,,,,,,,,,,,,,,,,,,,,,,,0.09,,,,,,,,,0.0,0.0,0.0,0.0,0.0,0.0,0.0,0.0,0.0,0.0,0.0,0.0,0.0,0.0,0.0,0.0,0.0,0.0,0.0,0.0,0.0,0.0,0.7071301593222451,0.0,0.0,0.0,0.0,0.0,0.0
25,Golf,0.0,,,0.4545454545454545,,0.0,,,,,,,,,,,,,,,,,,,,,,,,,,,,,,,,,,,,,,,,,,,,,,,,,,,,0.5,,0.5,,0.5,650000.0,0,1,1,0,0,0,0,0,0,0,0,0,0,0,0,0,0,0,0,0,0,0,0,0,0,0,0,0,1,1,1,0.0,0.0113636363636363,0.080707148347425,0.0,0.0,0.0,0.0,0.0,0.0,0.0,0.0,0.0,0.0,0.0,0.0,0.0,0.0,0.0,0.0,0.0,0.0,0.0,0.0,0.0,0.0,0.0,0.0,0.0,0.0087668030391583,0.0113550340651021,0.0117693213024715,,0.02,0.015,,,,,,,,,,,,,,,,,,,,,,,,,,0.205,,,0.0,0.4820898373782057,0.7400363203111743,0.0,0.0,0.0,0.0,0.0,0.0,0.0,0.0,0.0,0.0,0.0,0.0,0.0,0.0,0.0,0.0,0.0,0.0,0.0,0.0,0.0,0.0,0.0,0.0,0.0,0.5874472282952282
26,Gymnastics,0.0,0.0,,0.0,,0.0,,0.0,,0.0,,0.0,,0.0,,0.0,,0.0843373493975903,,0.0,,0.0675818373812038,,0.0830188679245283,,0.3872856545378503,,0.4709748083242059,,0.413516609392898,,0.3194070080862534,,0.392379679144385,,0.4444444444444444,,0.4169435215946844,,0.4133949191685912,,0.4075268817204301,,0.428923582580115,,0.4239043824701195,,0.4123120973514674,1.0,0.4388111888111888,,0.4404865334491746,1.0,0.4367469879518072,1.0,0.4504716981132075,,0.4448315911730546,,0.6481481481481481,,0.3522012578616352,1000.0,1,1,1,1,1,1,1,1,1,1,1,1,1,1,1,1,1,1,1,1,1,1,1,1,1,1,1,1,1,1,1,0.2552631578947368,0.0697314049586776,0.3520368946963874,0.0900173110213502,0.1125443405353111,0.0767326732673267,0.0612767940354147,0.1120674512559283,0.1191245066379619,0.044263775971093,0.1279729729729729,0.141711229946524,0.2555033126736482,0.1419023935343487,0.189063345966432,0.1565400843881856,0.1427617139039984,0.132452546199515,0.114644829556275,0.096900525903547,0.0802554366586123,0.0829245025892613,0.0764637787119965,0.1013788098693759,0.0827725924318066,0.0856207691735475,0.0732245258050286,0.0656346749226006,0.0629018118059614,0.0306585919757759,0.0311887014515496,0.04,0.04,0.025,0.045,0.065,0.06,0.055,0.045,0.055,0.035,0.08,0.095,0.15,0.105,0.165,0.17,0.15,0.14,0.115,0.09,0.095,0.14,0.145,0.18,0.215,0.21,0.2,0.265,0.3,,,0.740866700437806,0.693888666488711,0.7159023320067479,0.5650150285676379,0.9440891630699332,0.881401660184778,0.8233070292718412,0.7907709996074624,0.8650665765389263,0.775684906924153,0.9410120405146726,0.753465160779665,0.8352296305839019,0.8183703510524865,0.8573705260580107,0.7406851986905357,0.7170866776058469,0.6165689209035919,0.5818463311331513,0.6384137734991007,0.6235773495193859,0.5608462129780135,0.6457433641235858,0.5063903104040482,0.6990319825130992,0.5836025825580691,0.5932418515020828,0.8076345850992048,0.7514807907998091
27,Handball,0.0,,,,,,,,,,,,,,,,,,,,,0.0,,,,,,,,,,,,,,0.0,,0.3374485596707819,,0.3306451612903225,,0.3166023166023166,,0.395017793594306,,0.386986301369863,,0.3933333333333333,,0.4520123839009288,,0.4542682926829268,,0.4985422740524781,,0.4927953890489913,,0.4985835694050991,,0.5,,0.5,650.0,0,0,0,0,0,0,0,0,0,0,1,0,0,0,0,0,0,1,1,1,1,1,1,1,1,1,1,1,1,1,1,0.0,0.0,0.0,0.0,0.0,0.0,0.0,0.0,0.0,0.0,0.0141891891891891,0.0,0.0,0.0,0.0,0.0,0.0,0.0203194247010619,0.023138449819082,0.0277498041848495,0.0223507076285812,0.0191469065140365,0.0177907756047035,0.0217706821480406,0.023370233702337,0.0243993156289518,0.0252168798706072,0.0268575851393188,0.0257890122735242,0.0317940953822861,0.0329540996469203,,,,,,,,,,,0.03,,,,,,,0.08,0.065,0.07,0.07,0.075,0.08,0.09,0.095,0.08,0.09,0.085,0.1,,,0.0,0.0,0.0,0.0,0.0,0.0,0.0,0.0,0.0,0.0,0.8945792915351536,0.0,0.0,0.0,0.0,0.0,0.0,0.8488628055321973,0.7035004532976435,0.5753728892180217,0.7840780175385946,0.8545350277199789,0.7897560259958355,0.775751248790487,0.7402936096908812,0.8043476513266563,0.6832316574261529,0.7701095866426181,0.6588562458248706
28,Hockey,0.0,,,,,,,,,0.0,,,,0.0,,,,0.0,,0.0,,0.0,,0.0,,0.0,,0.0,,0.0,,0.0,,0.0,,0.0,,0.0,,0.4866310160427807,,0.3356643356643357,,0.3949044585987261,,0.3980891719745223,,0.4,,0.4542857142857143,,0.4545454545454545,,0.4935400516795866,,0.4935400516795866,,0.4974358974358974,,0.5,,0.5,1150.0,0,0,0,0,1,0,1,0,1,1,1,1,1,1,1,1,1,1,1,1,1,1,1,1,1,1,1,1,1,1,1,0.0,0.0,0.0,0.0,0.0219284101902612,0.0,0.0118825722273998,0.0,0.0245783997129529,0.0120445648900933,0.0225675675675675,0.025,0.0167770891216071,0.0268884053465962,0.025554953979426,0.0238396624472573,0.0241435251455291,0.0219918053348942,0.0163778327937535,0.0209242475103502,0.0246807041767345,0.0213954756064322,0.0191311765064278,0.02322206095791,0.0253237826495912,0.02618463140668,0.0284516982796647,0.029953560371517,0.0284921098772647,0.036336109008327,0.0376618281679089,,,,,0.015,,0.02,,0.045,0.015,0.055,0.065,0.06,0.06,0.08,0.075,0.08,0.08,0.055,0.045,0.06,0.065,0.07,0.06,0.075,0.07,0.075,0.075,0.08,,,0.0,0.0,0.0,0.0,0.6830499730847663,0.0,0.5485978932827569,0.0,0.7315292467840647,0.622638287664045,0.7710537008041719,0.6764682791438221,0.7686720129684853,0.8527238412795489,0.8094961172720013,0.8007314276985465,0.8442484370909257,0.9998363557667226,0.7207868000823622,0.7065822860362322,0.8049994295591242,0.7168564394544642,0.7836697589421541,0.7604601451443337,0.7281363878804106,0.825105276212318,0.7245383360137662,0.8235486715587323,0.7678641706808467
29,Ice Hockey,0.0,,,,,,,,,,,,,0.0,,0.0,,0.0,,0.0,,0.0,,0.0,,0.0,,0.0,,0.0,,0.0,,0.0,,0.0,,0.0,,0.0,,0.0,,0.0,,0.0,,,,,,,,,,,,,,,,,1500.0,0,0,0,0,0,0,1,1,1,1,1,1,1,1,1,1,1,1,1,1,1,1,1,0,0,0,0,0,0,0,0,0.0,0.0,0.0,0.0,0.0,0.0,0.0139794967381174,0.0144036536096961,0.0222461428058844,0.014453477868112,0.0233783783783783,0.0185828877005347,0.015708484718957,0.0262667081131488,0.0164591229020032,0.0284810126582278,0.023857238286096,0.0173927585918555,0.0206627309083984,0.0267427548394315,0.0206247842595788,0.0180566911965113,0.0162675927618351,0.0,0.0,0.0,0.0,0.0,0.0,0.0,0.0,,,,,,,0.035,0.04,0.055,0.02,0.075,0.045,0.045,0.05,0.045,0.08,0.07,0.055,0.06,0.06,0.06,0.06,0.06,,,,,,,,,0.0,0.0,0.0,0.0,0.0,0.0,0.7319162475319143,0.6621060021754821,0.709720898956591,0.8775473125218297,0.9003196681653531,0.7283955900834654,0.8533629459767359,0.8049123219487025,0.6041940285777202,0.7053511146266944,0.9903561648888412,0.8624384237769224,0.7875857814634363,0.7671865027405137,0.8125896934882053,0.7657030591523719,0.7597405838716829,0.0,0.0,0.0,0.0,0.0,0.0
30,Jeu De Paume,0.0,,,,,,,,,0.0,,,,,,,,,,,,,,,,,,,,,,,,,,,,,,,,,,,,,,,,,,,,,,,,,,,,,200.0,0,0,0,0,1,0,0,0,0,0,0,0,0,0,0,0,0,0,0,0,0,0,0,0,0,0,0,0,0,0,0,0.0,0.0,0.0,0.0,0.0035472428248951,0.0,0.0,0.0,0.0,0.0,0.0,0.0,0.0,0.0,0.0,0.0,0.0,0.0,0.0,0.0,0.0,0.0,0.0,0.0,0.0,0.0,0.0,0.0,0.0,0.0,0.0,,,,,0.01,,,,,,,,,,,,,,,,,,,,,,,,,,,0.0,0.0,0.0,0.0,0.5160420110886788,0.0,0.0,0.0,0.0,0.0,0.0,0.0,0.0,0.0,0.0,0.0,0.0,0.0,0.0,0.0,0.0,0.0,0.0,0.0,0.0,0.0,0.0,0.0,0.0
31,Judo,0.0,,,,,,,,,,,,,,,,,,,,,,,,,,,,,,,0.0,,,1.0,0.0,,0.0,,0.0,,0.0,1.0,0.0,,0.3764434180138568,,0.3901808785529715,,0.4045226130653266,,0.4088541666666667,,0.4041450777202072,1.0,0.3984375,,0.390745501285347,,0.5,2.0,0.5,350.0,0,0,0,0,0,0,0,0,0,0,0,0,0,0,0,1,0,1,1,1,1,1,1,1,1,1,1,1,1,1,1,0.0,0.0,0.0,0.0,0.0,0.0,0.0,0.0,0.0,0.0,0.0,0.0,0.0,0.0,0.0,0.0075949367088607,0.0,0.0138807592608077,0.0146638735478956,0.0215956137406288,0.0182947877114256,0.0165576451349141,0.0263815268384816,0.0280841799709724,0.0287967585558208,0.0285650524436509,0.0283781796794589,0.0297213622291021,0.0284190531852717,0.0365253595760787,0.0364848960376618,,,,,,,,,,,,,,,,0.135,,0.23,0.23,0.21,0.305,0.345,0.46,0.46,0.45,0.47,0.46,0.66,0.68,,,0.0,0.0,0.0,0.0,0.0,0.0,0.0,0.0,0.0,0.0,0.0,0.0,0.0,0.0,0.0,0.7507847313315047,0.0,1.6370927217095936,0.4738193465683549,0.9477406642937132,0.7168269180561142,0.7021412029971572,0.8410970094614004,0.8230499457921332,0.859036860678973,0.8210969180367954,0.8455713392415068,0.7292841384070846,0.8234407077400095
32,Lacrosse,0.0,,,,,0.0,,,,0.0,,,,,,,,,,,,,,,,,,,,,,,,,,,,,,,,,,,,,,,,,,,,,,,,,,,,,1000.0,0,0,1,0,1,0,0,0,0,0,0,0,0,0,0,0,0,0,0,0,0,0,0,0,0,0,0,0,0,0,0,0.0,0.0,0.0276710222905457,0.0,0.0077394388906804,0.0,0.0,0.0,0.0,0.0,0.0,0.0,0.0,0.0,0.0,0.0,0.0,0.0,0.0,0.0,0.0,0.0,0.0,0.0,0.0,0.0,0.0,0.0,0.0,0.0,0.0,,,0.01,,0.01,,,,,,,,,,,,,,,,,,,,,,,,,,,0.0,0.0,0.5646533589019275,0.0,0.6203454424197545,0.0,0.0,0.0,0.0,0.0,0.0,0.0,0.0,0.0,0.0,0.0,0.0,0.0,0.0,0.0,0.0,0.0,0.0,0.0,0.0,0.0,0.0,0.0,0.0
33,Luge,0.0,,,,,,,,,,,,,,,,,,,,,,,,,,,,,,,0.2,,0.2452830188679245,,0.205607476635514,,0.2184873949579832,,0.2765957446808511,,0.3033707865168539,,0.2448979591836734,,0.2448979591836734,,,,,,,,,,,,,,,,,2000.0,0,0,0,0,0,0,0,0,0,0,0,0,0,0,0,1,1,1,1,1,1,1,1,0,0,0,0,0,0,0,0,0.0,0.0,0.0,0.0,0.0,0.0,0.0,0.0,0.0,0.0,0.0,0.0,0.0,0.0,0.0,0.0089662447257383,0.0101154690333047,0.0089472363910025,0.0113311750142829,0.0105180709410316,0.0076803589920607,0.0066775688198419,0.0059708767440443,0.0,0.0,0.0,0.0,0.0,0.0,0.0,0.0,,,,,,,,,,,,,,,,0.06,0.07,0.065,0.08,0.07,0.085,0.11,0.11,,,,,,,,,0.0,0.0,0.0,0.0,0.0,0.0,0.0,0.0,0.0,0.0,0.0,0.0,0.0,0.0,0.0,0.955182549265922,0.7322883831302578,0.8765538092367056,0.7194359422095901,0.8082748521632875,0.6496116754435816,0.7853895432801976,0.8457483063605493,0.0,0.0,0.0,0.0,0.0,0.0
34,Military Ski Patrol,0.0,,,,,,,,,,,,,,,0.0,,,,,,,,,,,,,,,,,,,,,,,,,,,,,,,,,,,,,,,,,,,,,,,1000.0,0,0,0,0,0,0,0,1,0,0,0,0,0,0,0,0,0,0,0,0,0,0,0,0,0,0,0,0,0,0,0,0.0,0.0,0.0,0.0,0.0,0.0,0.0,0.0042157034955208,0.0,0.0,0.0,0.0,0.0,0.0,0.0,0.0,0.0,0.0,0.0,0.0,0.0,0.0,0.0,0.0,0.0,0.0,0.0,0.0,0.0,0.0,0.0,,,,,,,,0.03,,,,,,,,,,,,,,,,,,,,,,,,0.0,0.0,0.0,0.0,0.0,0.0,0.0,0.677202072477852,0.0,0.0,0.0,0.0,0.0,0.0,0.0,0.0,0.0,0.0,0.0,0.0,0.0,0.0,0.0,0.0,0.0,0.0,0.0,0.0,0.0
35,Modern Pentathlon,0.0,,,,,,,,,,,0.0,,0.0,,0.0,,0.0,,0.0,,0.0,,0.0,,0.0,,0.0,,0.0,,0.0,1.0,0.0,,0.0,,0.0,,0.0,,0.0,2.0,0.0,,0.0,,0.0,,0.5,,0.5,1.0,0.5,,0.5,,0.5,,0.5,,0.5,1500.0,0,0,0,0,0,1,1,1,1,1,1,1,1,1,1,1,1,1,1,1,1,1,1,1,1,1,1,1,1,1,1,0.0,0.0,0.0,0.0,0.0,0.0079207920792079,0.005358807082945,0.0066748638679079,0.0066379619662719,0.0075278530563083,0.0056756756756756,0.0060160427807486,0.0105791835862363,0.0118122474354989,0.0120194910665944,0.0073839662447257,0.0088748926424277,0.0096998076762271,0.0084745762711864,0.0088396553653351,0.0088885053503624,0.0083128917961297,0.0071284957046243,0.002322206095791,0.0034729759062296,0.0047608420739418,0.0052933392148213,0.0055727554179566,0.005260081823495,0.0068130204390613,0.0070615927814829,,,,,,0.05,0.04,0.055,0.07,0.05,0.08,0.08,0.095,0.08,0.115,0.075,0.09,0.1,0.085,0.085,0.09,0.13,0.15,0.11,0.12,0.13,0.135,0.13,0.14,,,0.0,0.0,0.0,0.0,0.0,0.6457370702589753,0.5914847651505895,0.856587346611227,0.6225693476172697,0.8164965809277259,0.6050222749638717,0.5887602699420069,0.7798981797926798,0.8765242269485266,0.8567284202883956,0.636018042540711,1.9864834486856744,0.7661104929162124,0.7968253601002486,0.740878658715422,0.6524137044891515,0.6866056548378855,0.5576598324805782,0.6055300708194983,0.7326553447335702,0.684171630742243,0.6875631284148064,0.5874934331127603,0.6910507353495549
36,Motorboating,0.0,,,,,,,,,0.0588235294117647,,,,,,,,,,,,,,,,,,,,,,,,,,,,,,,,,,,,,,,,,,,,,,,,,,,,,7500.0,0,0,0,0,1,0,0,0,0,0,0,0,0,0,0,0,0,0,0,0,0,0,0,0,0,0,0,0,0,0,0,0.0,0.0,0.0,0.0,0.0054821025475653,0.0,0.0,0.0,0.0,0.0,0.0,0.0,0.0,0.0,0.0,0.0,0.0,0.0,0.0,0.0,0.0,0.0,0.0,0.0,0.0,0.0,0.0,0.0,0.0,0.0,0.0,,,,,0.01,,,,,,,,,,,,,,,,,,,,,,,,,,,0.0,0.0,0.0,0.0,0.6,0.0,0.0,0.0,0.0,0.0,0.0,0.0,0.0,0.0,0.0,0.0,0.0,0.0,0.0,0.0,0.0,0.0,0.0,0.0,0.0,0.0,0.0,0.0,0.0
37,Nordic Combined,0.0,,,,,,,,,,,,,,,0.0,,0.0,,0.0,,0.0,,0.0,,0.0,,0.0,,0.0,,0.0,,0.0,,0.0,,0.0,,0.0,,0.0,,0.0,,0.0,,,,,,,,,,,,,,,,,2000.0,0,0,0,0,0,0,0,1,1,1,1,1,1,1,1,1,1,1,1,1,1,1,1,0,0,0,0,0,0,0,0,0.0,0.0,0.0,0.0,0.0,0.0,0.0,0.005269629369401,0.0062791532113383,0.009936766034327,0.0068918918918918,0.0052139037433155,0.0026715110066253,0.0055952751010258,0.0035733622089875,0.0033755274261603,0.0039125870789197,0.0033447612676645,0.0032374785755094,0.0034687255231061,0.0024162927166033,0.0051103843008994,0.0047523304697495,0.0,0.0,0.0,0.0,0.0,0.0,0.0,0.0,,,,,,,,0.045,0.07,0.05,0.08,0.065,0.055,0.06,0.065,0.055,0.065,0.07,0.07,0.045,0.055,0.065,0.06,,,,,,,,,0.0,0.0,0.0,0.0,0.0,0.0,0.0,0.5508946018462734,0.610318637504799,0.880605311940686,0.8024456402216297,0.6495585918406873,0.8055363982396381,0.8840466399113011,0.6963106238227913,0.7887143415077476,0.5914319830722996,0.7625866911626908,0.467822756487849,0.5825969152354399,0.5874380715791502,0.7559677106114914,0.6352560868326946,0.0,0.0,0.0,0.0,0.0,0.0
38,Polo,0.0,,,0.0,,,,,,0.0,,,,0.0,,0.0,,,,,,0.0,,,,,,,,,,,,,,,,,,,,,,,,,,,,,,,,,,,,,,,,,1500.0,0,1,0,0,1,0,1,1,0,0,1,0,0,0,0,0,0,0,0,0,0,0,0,0,0,0,0,0,0,0,0,0.0,0.0108471074380165,0.0,0.0,0.0038697194453402,0.0,0.0039608574091332,0.0042157034955208,0.0,0.0,0.0028378378378378,0.0,0.0,0.0,0.0,0.0,0.0,0.0,0.0,0.0,0.0,0.0,0.0,0.0,0.0,0.0,0.0,0.0,0.0,0.0,0.0,,0.02,,,0.005,,0.02,0.025,,,0.025,,,,,,,,,,,,,,,,,,,,,0.0,0.5555775399071028,0.0,0.0,0.5160420110886788,0.0,0.5801193511153213,0.6584977682163886,0.0,0.0,0.4409963617950227,0.0,0.0,0.0,0.0,0.0,0.0,0.0,0.0,0.0,0.0,0.0,0.0,0.0,0.0,0.0,0.0,0.0,0.0
39,Racquets,0.0,,,,,,,,,0.0,,,,,,,,,,,,,,,,,,,,,,,,,,,,,,,,,,,,,,,,,,,,,,,,,,,,,150.0,0,0,0,0,1,0,0,0,0,0,0,0,0,0,0,0,0,0,0,0,0,0,0,0,0,0,0,0,0,0,0,0.0,0.0,0.0,0.0,0.0038697194453402,0.0,0.0,0.0,0.0,0.0,0.0,0.0,0.0,0.0,0.0,0.0,0.0,0.0,0.0,0.0,0.0,0.0,0.0,0.0,0.0,0.0,0.0,0.0,0.0,0.0,0.0,,,,,0.005,,,,,,,,,,,,,,,,,,,,,,,,,,,0.0,0.0,0.0,0.0,0.5039526306789696,0.0,0.0,0.0,0.0,0.0,0.0,0.0,0.0,0.0,0.0,0.0,0.0,0.0,0.0,0.0,0.0,0.0,0.0,0.0,0.0,0.0,0.0,0.0,0.0
40,Rhythmic Gymnastics,0.0,,,,,,,,,,,,,,,,,,,,,,,,,,,,,,,,,,,,,,,,,1.0,,1.0,,1.0,,1.0,,1.0,,1.0,,1.0,,1.0,,1.0,,,,,500.0,0,0,0,0,0,0,0,0,0,0,0,0,0,0,0,0,0,0,0,0,1,1,1,1,1,1,1,1,1,0,0,0.0,0.0,0.0,0.0,0.0,0.0,0.0,0.0,0.0,0.0,0.0,0.0,0.0,0.0,0.0,0.0,0.0,0.0,0.0,0.0,0.0028477735588539,0.0026573998364677,0.002558947176019,0.0065312046444121,0.0060777078359018,0.0062486052220486,0.0069842670195559,0.0073529411764705,0.0070134424313267,0.0,0.0,,,,,,,,,,,,,,,,,,,,,0.1,0.115,0.115,0.11,0.1,0.105,0.105,0.12,0.12,,,0.0,0.0,0.0,0.0,0.0,0.0,0.0,0.0,0.0,0.0,0.0,0.0,0.0,0.0,0.0,0.0,0.0,0.0,0.0,0.0,0.8924089247400389,0.7501040909577362,0.7181302432868923,0.7995197461082557,0.7731132398508338,0.8370156737452639,0.7869241127992972,0.8472807467496483,0.6422616289332566
41,Roque,0.0,,,,,0.0,,,,,,,,,,,,,,,,,,,,,,,,,,,,,,,,,,,,,,,,,,,,,,,,,,,,,,,,,50.0,0,0,1,0,0,0,0,0,0,0,0,0,0,0,0,0,0,0,0,0,0,0,0,0,0,0,0,0,0,0,0,0.0,0.0,0.0030745580322828,0.0,0.0,0.0,0.0,0.0,0.0,0.0,0.0,0.0,0.0,0.0,0.0,0.0,0.0,0.0,0.0,0.0,0.0,0.0,0.0,0.0,0.0,0.0,0.0,0.0,0.0,0.0,0.0,,,0.005,,,,,,,,,,,,,,,,,,,,,,,,,,,,,0.0,0.0,0.6666666666666666,0.0,0.0,0.0,0.0,0.0,0.0,0.0,0.0,0.0,0.0,0.0,0.0,0.0,0.0,0.0,0.0,0.0,0.0,0.0,0.0,0.0,0.0,0.0,0.0,0.0,0.0
42,Rowing,0.0,,,0.0,,0.0,,0.0,,0.0,,0.0,,0.0,,0.0,,0.0,,0.0,,0.0,,0.0,,0.0,,0.0,,0.0,,0.0,,0.0,,0.0,,0.3511705685618729,,0.3258196721311475,,0.3849462365591398,,0.344551282051282,,0.3192133131618759,,0.3478260869565217,1.0,0.3458110516934046,1.0,0.3488372093023256,,0.3516873889875666,1.0,0.3581818181818181,1.0,0.3981818181818182,,0.5,,0.5,1250.0,0,1,1,1,1,1,1,1,1,1,1,1,1,1,1,1,1,1,1,1,1,1,1,1,1,1,1,1,1,1,1,0.0,0.068698347107438,0.0353574173712528,0.1154068090017311,0.0280554659787165,0.0487623762376237,0.0335507921714818,0.0344282452134199,0.0443128812343021,0.0499849442938873,0.047027027027027,0.0425133689839572,0.0433853387475956,0.0400994715573515,0.0466702761234434,0.0398734177215189,0.0341635652256894,0.0369596120076929,0.0569415349457246,0.0546044533959941,0.0401277183293061,0.0425183973834832,0.040272954365442,0.0450653120464441,0.040590405904059,0.0415829799895856,0.0413909719158947,0.0425696594427244,0.0401811805961426,0.0497728993186979,0.0492349941153393,,0.035,0.01,0.03,0.04,0.07,0.07,0.07,0.095,0.065,0.12,0.135,0.165,0.125,0.165,0.135,0.145,0.175,0.155,0.125,0.15,0.19,0.225,0.225,0.255,0.275,0.3,0.29,0.345,,,0.0,0.8620166699663073,0.6110669175939553,0.9392341068233324,0.9376230054893075,0.7588421543926738,0.6178994179426952,0.8669212764791637,0.991426218040288,0.9853050211558212,1.0301359561809116,0.9497756223018646,1.1835760498630965,1.0791896060291335,1.003744175305303,1.0906550563695014,1.0827250674930484,1.074825913480246,0.9704482308154544,1.013010901257027,1.1616472569742486,1.024266123223648,1.024522030056417,0.9332396858430676,0.9149121001491624,0.8158385913653203,0.9163397792693888,0.9195312385476478,0.882665166494776
43,Rugby,0.0,,,0.0,,,,,,0.0,,,,0.0,,0.0,,,,,,,,,,,,,,,,,,,,,,,,,,,,,,,,,,,,,,,,,,,,0.5,,,3000.0,0,1,0,0,1,0,1,1,0,0,0,0,0,0,0,0,0,0,0,0,0,0,0,0,0,0,0,0,0,1,0,0.0,0.0242768595041322,0.0,0.0,0.0096742986133505,0.0,0.0072227399813606,0.0094853328649218,0.0,0.0,0.0,0.0,0.0,0.0,0.0,0.0,0.0,0.0,0.0,0.0,0.0,0.0,0.0,0.0,0.0,0.0,0.0,0.0,0.0,0.0272520817562452,0.0,,0.025,,,0.01,,0.01,0.015,,,,,,,,,,,,,,,,,,,,,,,,0.0,0.5920117603919887,0.0,0.0,0.6219063320326512,0.0,0.8914105645620286,0.8198822067051175,0.0,0.0,0.0,0.0,0.0,0.0,0.0,0.0,0.0,0.0,0.0,0.0,0.0,0.0,0.0,0.0,0.0,0.0,0.0,0.0,0.0
44,Rugby Sevens,0.0,,,,,,,,,,,,,,,,,,,,,,,,,,,,,,,,,,,,,,,,,,,,,,,,,,,,,,,,,0.4949832775919732,,,,0.5,1750.0,0,0,0,0,0,0,0,0,0,0,0,0,0,0,0,0,0,0,0,0,0,0,0,0,0,0,0,0,1,0,1,0.0,0.0,0.0,0.0,0.0,0.0,0.0,0.0,0.0,0.0,0.0,0.0,0.0,0.0,0.0,0.0,0.0,0.0,0.0,0.0,0.0,0.0,0.0,0.0,0.0,0.0,0.0,0.0,0.0218439509059029,0.0,0.0282463711259317,,,,,,,,,,,,,,,,,,,,,,,,,,,,,0.07,,,0.0,0.0,0.0,0.0,0.0,0.0,0.0,0.0,0.0,0.0,0.0,0.0,0.0,0.0,0.0,0.0,0.0,0.0,0.0,0.0,0.0,0.0,0.0,0.0,0.0,0.0,0.0,0.0,0.6744446589315136
45,Sailing,0.0,,,0.0107142857142857,,,,,,0.015625,,0.0,,0.0099009900990099,,0.0144927536231884,,0.015625,,0.0,,0.0174418604651162,,0.0,,0.013215859030837,,0.0,,0.0034482758620689,,0.0044444444444444,,0.0,,0.0,1.0,0.0038910505836575,,0.0064102564102564,,0.0066666666666666,,0.1173333333333333,,0.1904761904761904,,0.2183406113537118,,0.236318407960199,,0.3466334164588528,,0.3475,,0.3746701846965699,,0.4289473684210526,,0.5,,0.5,2000.0,0,1,0,0,1,1,1,1,1,1,1,1,1,1,1,1,1,1,1,1,1,1,1,1,1,1,1,1,1,1,1,0.0,0.1446280991735537,0.0,0.0,0.0206385037084811,0.0269801980198019,0.0235321528424976,0.0121201475496223,0.0229637603157517,0.017163504968383,0.0232432432432432,0.0248663101604278,0.0242573199401581,0.0239353434877214,0.0314022739577693,0.0237341772151898,0.0240480961923847,0.027008947236391,0.0244715292325271,0.017455521987244,0.0258888505350362,0.0255519215044971,0.0268689453481996,0.0332365747460087,0.0290861732146733,0.0298296511195417,0.0294074400823408,0.0293343653250774,0.0277615429573348,0.033118849356548,0.0323656335817967,,0.03,,,0.025,0.03,0.03,0.095,0.115,0.055,0.13,0.115,0.145,0.14,0.23,0.2,0.205,0.21,0.2,0.115,0.3,0.3,0.34,0.39,0.345,0.305,0.31,0.315,0.33,,,0.0,0.6756794677368797,0.0,0.0,0.6421954995854353,0.6607059839410007,0.674406293683664,0.762051623651109,0.6643825493350802,0.6950788210424271,0.7551098311357061,0.7077174302962297,0.6778664975038768,0.7650964553198732,0.697160491415892,0.6782678285509693,0.6699431546896102,0.7355775043709609,0.8904917475133347,0.6933093945529316,1.0313562554877354,1.046487089209119,1.0266839012039672,0.8528578081611685,0.8150352773882932,0.8830162129615925,0.8565603908219199,0.7519206965928891,0.8171798501929064
46,Shooting,0.0,0.0,,0.0,,,,0.0,,0.0,,0.0,,0.0,,0.0,,,,0.0,,0.0,,0.0,,0.0,,0.0,,0.0,,0.0,,0.0073170731707317,,0.0084745762711864,1.0,0.024390243902439,,0.0224719101123595,,0.1706864564007421,,0.3009174311926605,,0.3173758865248227,,0.3039215686274509,,0.3756260434056761,,0.3566308243727598,1.0,0.3708838821490468,,0.4089285714285714,,0.3855855855855856,,0.5,,0.5,500.0,1,1,0,1,1,1,1,1,0,1,1,1,1,1,1,1,1,1,1,1,1,1,1,1,1,1,1,1,1,1,1,0.1710526315789473,0.1141528925619834,0.0,0.1846508944027697,0.1431796194775878,0.1965346534653465,0.19524697110904,0.0892323906551905,0.0,0.0132490213791026,0.0218918918918918,0.0288770053475935,0.030882667236589,0.0340379235312402,0.0421223605847319,0.0329113924050632,0.0391258707891974,0.0394681829584413,0.0351361645400876,0.0298757972473984,0.0465136347946151,0.0371354592532025,0.0343630049351124,0.0444121915820029,0.0433398451631575,0.0415085918321803,0.0424202323187766,0.0433436532507739,0.0405464640561075,0.0340651021953065,0.0333464103570027,0.035,0.04,,0.06,0.07,0.08,0.09,0.135,,0.05,0.145,0.14,0.205,0.185,0.295,0.255,0.31,0.355,0.3,0.19,0.34,0.33,0.415,0.5,0.515,0.53,0.515,0.54,0.485,,,0.4618402309153749,0.6754760593422121,0.0,0.4515397671382575,0.7531404712136218,0.8472482669025243,0.8634251613864061,0.9058853510663732,0.0,0.5195569279288638,0.7555434594608008,0.7694151468538403,0.8053457982893052,0.6507104150990827,0.7119153712682922,0.8879818180577318,0.8368317155223053,0.7458114007806627,0.7789725671803082,0.7519983057594533,0.7026773485614124,0.7620652412020906,0.8468462140651896,0.8569391439794648,0.6830076255130918,0.705965082341088,0.7050194311104337,0.7203043138511599,0.7589206651294824
47,Short Track Speed Skating,0.0,,,,,,,,,,,,,,,,,,,,,,,,,,,,,,,,,,,,,,,,,,,,,0.4758064516129032,,,,,,,,,,,,,,,,,800.0,0,0,0,0,0,0,0,0,0,0,0,0,0,0,0,0,0,0,0,0,0,0,1,0,0,0,0,0,0,0,0,0.0,0.0,0.0,0.0,0.0,0.0,0.0,0.0,0.0,0.0,0.0,0.0,0.0,0.0,0.0,0.0,0.0,0.0,0.0,0.0,0.0,0.0,0.0075549869006275,0.0,0.0,0.0,0.0,0.0,0.0,0.0,0.0,,,,,,,,,,,,,,,,,,,,,,,0.08,,,,,,,,,0.0,0.0,0.0,0.0,0.0,0.0,0.0,0.0,0.0,0.0,0.0,0.0,0.0,0.0,0.0,0.0,0.0,0.0,0.0,0.0,0.0,0.0,0.606884979425114,0.0,0.0,0.0,0.0,0.0,0.0
48,Skeleton,0.0,,,,,,,,,,,,,,,,,0.0,,,,,,0.0,,,,,,,,,,,,,,,,,,,,,,,,,,,,,,,,,,,,,,,3000.0,0,0,0,0,0,0,0,0,1,0,0,1,0,0,0,0,0,0,0,0,0,0,0,0,0,0,0,0,0,0,0,0.0,0.0,0.0,0.0,0.0,0.0,0.0,0.0,0.0017940437746681,0.0,0.0,0.0020053475935828,0.0,0.0,0.0,0.0,0.0,0.0,0.0,0.0,0.0,0.0,0.0,0.0,0.0,0.0,0.0,0.0,0.0,0.0,0.0,,,,,,,,,0.03,,,0.03,,,,,,,,,,,,,,,,,,,,0.0,0.0,0.0,0.0,0.0,0.0,0.0,0.0,0.375,0.0,0.0,0.4429890701127018,0.0,0.0,0.0,0.0,0.0,0.0,0.0,0.0,0.0,0.0,0.0,0.0,0.0,0.0,0.0,0.0,0.0
49,Ski Jumping,0.0,,,,,,,,,,,,,,,0.0,,0.0,,0.0,,0.0,,0.0,,0.0,,0.0,,0.0,,0.0,,0.0,,0.0,,0.0,,0.0,,0.0,,0.0,,0.0,,,,,,,,,,,,,,,,,2500.0,0,0,0,0,0,0,0,1,1,1,1,1,1,1,1,1,1,1,1,1,1,1,1,0,0,0,0,0,0,0,0,0.0,0.0,0.0,0.0,0.0,0.0,0.0,0.0047426664324609,0.0068173663437387,0.0102378801565793,0.0064864864864864,0.0065508021390374,0.0047018593716606,0.0079266397264532,0.0048727666486193,0.0110759493670886,0.0110697585647485,0.0090308554226942,0.0103789754332508,0.010965648427884,0.0095788746979634,0.0106977378032161,0.0104185706452202,0.0,0.0,0.0,0.0,0.0,0.0,0.0,0.0,,,,,,,,0.045,0.065,0.05,0.07,0.07,0.065,0.08,0.075,0.075,0.085,0.08,0.075,0.08,0.085,0.095,0.085,,,,,,,,,0.0,0.0,0.0,0.0,0.0,0.0,0.0,1.02247471629109,0.8743154417601342,0.6227760128378842,0.6292103553632095,0.8731561320287489,0.8450145482634365,0.714142842854285,0.5909368402852789,0.6778651294961617,0.8367251622997394,0.5897231287703595,0.6045586160795916,0.6437722424561235,0.8873171548424381,0.715864252440853,0.576931250696063,0.0,0.0,0.0,0.0,0.0,0.0
50,Snowboarding,0.0,,,,,,,,,,,,,,,,,,,,,,,,,,,,,,,,,,,,,,,,,,,,,,,,,,,,,,,,,,,,,,2000.0,0,0,0,0,0,0,0,0,0,0,0,0,0,0,0,0,0,0,0,0,0,0,0,0,0,0,0,0,0,0,0,0.0,0.0,0.0,0.0,0.0,0.0,0.0,0.0,0.0,0.0,0.0,0.0,0.0,0.0,0.0,0.0,0.0,0.0,0.0,0.0,0.0,0.0,0.0,0.0,0.0,0.0,0.0,0.0,0.0,0.0,0.0,,,,,,,,,,,,,,,,,,,,,,,,,,,,,,,,0.0,0.0,0.0,0.0,0.0,0.0,0.0,0.0,0.0,0.0,0.0,0.0,0.0,0.0,0.0,0.0,0.0,0.0,0.0,0.0,0.0,0.0,0.0,0.0,0.0,0.0,0.0,0.0,0.0
51,Softball,0.0,,,,,,,,,,,,,,,,,,,,,,,,,,,,,,,,,,,,,,,,,,,,,,,1.0,,1.0,,1.0,,1.0,,,,,,,,,1000.0,0,0,0,0,0,0,0,0,0,0,0,0,0,0,0,0,0,0,0,0,0,0,0,1,1,1,1,0,0,0,0,0.0,0.0,0.0,0.0,0.0,0.0,0.0,0.0,0.0,0.0,0.0,0.0,0.0,0.0,0.0,0.0,0.0,0.0,0.0,0.0,0.0,0.0,0.0,0.0087082728592162,0.0086824397655741,0.0087778025738302,0.0088222320247022,0.0,0.0,0.0,0.0,,,,,,,,,,,,,,,,,,,,,,,,0.04,0.04,0.04,0.04,,,,,0.0,0.0,0.0,0.0,0.0,0.0,0.0,0.0,0.0,0.0,0.0,0.0,0.0,0.0,0.0,0.0,0.0,0.0,0.0,0.0,0.0,0.0,0.0,1.0206980429830828,0.6212607441973955,0.7563397767928642,0.9957183469510978,0.0,0.0
52,Speed Skating,0.0,,,,,,,,,,,,,,,0.0,,0.0,,0.0,,0.0,,0.0,,0.0,,0.0,,0.3534136546184739,,0.397212543554007,,0.4035714285714286,,0.4713114754098361,,0.4291497975708502,,0.4324324324324324,,0.3932926829268293,,0.4263803680981595,,0.4322033898305085,,,,,,,,,,,,,,,,,1000.0,0,0,0,0,0,0,0,1,1,1,1,1,1,1,1,1,1,1,1,1,1,1,1,0,0,0,0,0,0,0,0,0.0,0.0,0.0,0.0,0.0,0.0,0.0,0.0193219743544704,0.0190168640114818,0.0210779885576633,0.0189189189189189,0.0205882352941176,0.015494763838427,0.0278209511967671,0.0269626421223605,0.0302742616033755,0.0267201068804275,0.0204030437327535,0.0235193296514949,0.0331207340270784,0.0283051432516396,0.0222131370945761,0.0215682690550173,0.0,0.0,0.0,0.0,0.0,0.0,0.0,0.0,,,,,,,,0.05,0.07,0.03,0.08,0.075,0.07,0.09,0.085,0.11,0.095,0.09,0.095,0.1,0.12,0.105,0.115,,,,,,,,,0.0,0.0,0.0,0.0,0.0,0.0,0.0,0.8781115428331441,0.7335363917932524,0.89475901337861,0.7261796338855793,0.7410624492706458,0.9827203057665156,1.0572538924358106,0.8474107615348103,0.6545846388130231,0.7370624494720707,0.8139802374310111,0.7970975432473779,0.7486647069536754,0.8469216116071688,0.9543706778125168,0.6952963908178288,0.0,0.0,0.0,0.0,0.0,0.0
53,Swimming,0.0,0.0,,0.0,,0.0,,0.0,,0.0,,0.2139303482587064,,0.2248803827751196,,0.3155893536121673,,0.3884892086330935,,0.3948717948717948,,0.3708791208791209,,0.364321608040201,,0.3768115942028985,,0.4353932584269663,,0.3952380952380952,,0.3736413043478261,,0.4346060113728676,1.0,0.4560570071258907,,0.4693308550185873,,0.4270696452036793,,0.3701298701298701,,0.4014869888475836,,0.4074303405572755,,0.4862385321100917,,0.4325100516944284,,0.453646477132262,,0.4745568896512293,1.0,0.5039011703511054,2.0,0.4853316326530612,,0.5,1.0,0.5,1500.0,1,1,1,1,1,1,1,1,1,1,1,1,1,1,1,1,1,1,1,1,1,1,1,1,1,1,1,1,1,1,1,0.0473684210526315,0.0676652892561983,0.0491929285165257,0.0450086555106751,0.0483714930667526,0.0497524752475247,0.048695246971109,0.0461970841384156,0.0498744169357732,0.058717253839205,0.0491891891891891,0.0532085561497326,0.0516135926480017,0.0553310537768106,0.0682187330806713,0.0776371308016877,0.1174730413207367,0.1056108370265072,0.102456674919063,0.0851516168736712,0.1063168795305488,0.1099754701553556,0.0983976116493023,0.1186502177068214,0.1259677302655379,0.1203600386818418,0.1285840317600353,0.1190402476780185,0.1145528930450029,0.0830809992429977,0.083562181247548,0.02,0.06,0.025,0.055,0.07,0.085,0.095,0.115,0.14,0.1,0.145,0.17,0.24,0.165,0.225,0.21,0.255,0.26,0.255,0.205,0.335,0.385,0.46,0.585,0.75,0.76,0.815,0.835,0.865,,,0.6546536707079771,1.1226444577480426,0.75,0.7186255182890523,0.8165869007911835,0.9151816170044318,1.0028286954194363,1.0396885980678932,1.0456146608113297,0.7883643957694917,0.889350304190426,0.9585120113426504,1.0613780131412638,0.928656944491952,1.123942095431501,0.9009545600144188,0.9282423901504112,0.923873599674579,0.9529429558729612,0.9495270565392826,0.9471732336492849,0.9118099778423544,0.8762632460192169,0.8547367162012472,0.8608614069205466,0.898171824981663,1.0179700078202358,1.0270015838478694,1.0097304213205167
54,Synchronized Swimming,0.0,,,,,,,,,,,,,,,,,,,,,,,,,,,,,,,,,,,,,,,,,1.0,,1.0,,1.0,,1.0,,1.0,,1.0,,1.0,,1.0,,1.0,,1.0,,,500.0,0,0,0,0,0,0,0,0,0,0,0,0,0,0,0,0,0,0,0,0,1,1,1,1,1,1,1,1,1,1,0,0.0,0.0,0.0,0.0,0.0,0.0,0.0,0.0,0.0,0.0,0.0,0.0,0.0,0.0,0.0,0.0,0.0,0.0,0.0,0.0,0.0074214704867103,0.0051785227582447,0.0054225309206117,0.0052249637155297,0.0084653787714347,0.0087034144164249,0.0086016762240846,0.0090557275541795,0.0086206896551724,0.0098410295230885,0.0,,,,,,,,,,,,,,,,,,,,,0.105,0.09,0.11,0.04,0.12,0.12,0.12,0.12,0.12,,,0.0,0.0,0.0,0.0,0.0,0.0,0.0,0.0,0.0,0.0,0.0,0.0,0.0,0.0,0.0,0.0,0.0,0.0,0.0,0.0,0.6389042049434943,0.5485087088022276,0.5861465101380815,0.7148705379576682,0.5998425868858415,0.6975113081402792,0.6495585918406872,0.7649453277013486,0.7066495836078972
55,Table Tennis,0.0,,,,,,,,,,,,,,,,,,,,,,,,,,,,,,,,,,,,,,,,,,,0.3786407766990291,,0.5,,0.49800796812749,,0.4925373134328358,,0.5076923076923077,,0.5,,0.5042372881355932,,0.5,,0.5,,0.5,350.0,0,0,0,0,0,0,0,0,0,0,0,0,0,0,0,0,0,0,0,0,0,1,1,1,1,1,1,1,1,1,1,0.0,0.0,0.0,0.0,0.0,0.0,0.0,0.0,0.0,0.0,0.0,0.0,0.0,0.0,0.0,0.0,0.0,0.0,0.0,0.0,0.0,0.014036522213137,0.0151099738012551,0.0182148040638606,0.0193907821431155,0.0193409209253886,0.018379650051463,0.018266253869969,0.0172413793103448,0.0162755488266464,0.0168693605335425,,,,,,,,,,,,,,,,,,,,,,0.205,0.24,0.255,0.24,0.25,0.28,0.285,0.28,,,0.0,0.0,0.0,0.0,0.0,0.0,0.0,0.0,0.0,0.0,0.0,0.0,0.0,0.0,0.0,0.0,0.0,0.0,0.0,0.0,0.0,0.7634239536385686,0.9022105440188414,0.8113290201156776,0.6199522724729544,0.6260990336999411,0.7779016869005738,0.6989299423072151,0.7077722935985042
56,Taekwondo,0.0,,,,,,,,,,,,,,,,,,,,,,,,,,,,,,,,,,,,,,,,,,,,,,,,,0.4705882352941176,,0.4838709677419355,,0.5,,0.5,,0.5079365079365079,,0.5,,0.5,200.0,0,0,0,0,0,0,0,0,0,0,0,0,0,0,0,0,0,0,0,0,0,0,0,0,1,1,1,1,1,1,1,0.0,0.0,0.0,0.0,0.0,0.0,0.0,0.0,0.0,0.0,0.0,0.0,0.0,0.0,0.0,0.0,0.0,0.0,0.0,0.0,0.0,0.0,0.0,0.0,0.007380073800738,0.0092241315182622,0.0092633436259373,0.009907120743034,0.0092051431911163,0.012112036336109,0.0125539427226363,,,,,,,,,,,,,,,,,,,,,,,,,0.25,0.3,0.31,0.315,0.31,,,0.0,0.0,0.0,0.0,0.0,0.0,0.0,0.0,0.0,0.0,0.0,0.0,0.0,0.0,0.0,0.0,0.0,0.0,0.0,0.0,0.0,0.0,0.0,0.0,0.4842312992259073,0.6334047267480765,0.6421491082064134,0.6286885641251675,0.6332143271860338
57,Tennis,0.0,0.0,,0.2553191489361702,,0.0,,0.2291666666666666,,0.1428571428571428,,0.1734104046242774,,0.3398692810457516,,0.2924901185770751,,,,,,,,,,,,,,,,,,,,,,,,,,,,0.3762376237623762,,0.504,,0.4878048780487805,,0.5080645161290323,,0.5079365079365079,,0.4960629921259842,,0.4965034965034965,,0.5,,0.5,,0.5,1250.0,1,1,1,1,1,1,1,1,0,0,0,0,0,0,0,0,0,0,0,0,0,1,1,1,1,1,1,1,1,1,1,0.0605263157894736,0.0242768595041322,0.0438124519600307,0.0276976341604154,0.0270880361173814,0.0428217821782178,0.0356477166821994,0.0444405410152819,0.0,0.0,0.0,0.0,0.0,0.0,0.0,0.0,0.0,0.0,0.0,0.0,0.0,0.0137639683837557,0.0152318284286845,0.0178519593613933,0.0179437088488531,0.0187458156661459,0.0186737244522864,0.0221362229102167,0.0208942139099941,0.0162755488266464,0.0168693605335425,0.03,0.02,0.01,0.03,0.05,0.07,0.07,0.135,,,,,,,,,,,,,,0.19,0.24,0.275,0.26,0.26,0.24,0.22,0.28,,,0.4714045207910317,0.5887602699420069,0.5900143315580932,0.7064442480099232,0.5738361068856567,0.7483636240955938,0.6888437581955684,0.8565296493111413,0.0,0.0,0.0,0.0,0.0,0.0,0.0,0.0,0.0,0.0,0.0,0.0,0.0,0.8373168846990278,0.7127160972604152,0.8097543689805408,0.7341081210742664,0.662216118728336,0.6822267811122353,0.7518175590877877,0.7841428659004619
58,Trampolining,0.0,,,,,,,,,,,,,,,,,,,,,,,,,,,,,,,,,,,,,,,,,,,,,,,,,0.5,,0.5,,0.5,,0.5,,0.5,,,,,350.0,0,0,0,0,0,0,0,0,0,0,0,0,0,0,0,0,0,0,0,0,0,0,0,0,1,1,1,1,1,0,0,0.0,0.0,0.0,0.0,0.0,0.0,0.0,0.0,0.0,0.0,0.0,0.0,0.0,0.0,0.0,0.0,0.0,0.0,0.0,0.0,0.0,0.0,0.0,0.0,0.0017364879531148,0.0023804210369709,0.0023525952065872,0.0024767801857585,0.0023378141437755,0.0,0.0,,,,,,,,,,,,,,,,,,,,,,,,,0.08,0.1,0.085,0.09,0.085,,,0.0,0.0,0.0,0.0,0.0,0.0,0.0,0.0,0.0,0.0,0.0,0.0,0.0,0.0,0.0,0.0,0.0,0.0,0.0,0.0,0.0,0.0,0.0,0.0,0.5640760748177662,0.7488830969231065,0.6196056268405735,0.6049674180673509,0.6049674180673509
59,Triathlon,0.0,,,,,,,,,,,,,,,,,,,,,,,,,,,,,,,,,,,,,,,,,,,,,,,,,0.48,,0.5050505050505051,,0.5,,0.5,,0.5,2.0,0.5,,0.5,2000.0,0,0,0,0,0,0,0,0,0,0,0,0,0,0,0,0,0,0,0,0,0,0,0,0,1,1,1,1,1,1,1,0.0,0.0,0.0,0.0,0.0,0.0,0.0,0.0,0.0,0.0,0.0,0.0,0.0,0.0,0.0,0.0,0.0,0.0,0.0,0.0,0.0,0.0,0.0,0.0,0.0072353664713117,0.0073644275831287,0.0080870460226437,0.0085139318885448,0.0080362361192285,0.0104087812263436,0.0107885445272655,,,,,,,,,,,,,,,,,,,,,,,,,0.17,0.165,0.185,0.195,0.21,,,0.0,0.0,0.0,0.0,0.0,0.0,0.0,0.0,0.0,0.0,0.0,0.0,0.0,0.0,0.0,0.0,0.0,0.0,0.0,0.0,0.0,0.0,0.0,0.0,0.6635510530471638,0.6731436688374358,0.6386323196248538,0.6322402698912368,0.7431042031568058
60,Tug-Of-War,0.0,,,0.0,,0.0,,0.0,,0.0,,0.0,,0.0,,,,,,,,,,,,,,,,,,,,,,,,,,,,,,,,,,,,,,,,,,,,,,,,,75.0,0,1,1,1,1,1,1,0,0,0,0,0,0,0,0,0,0,0,0,0,0,0,0,0,0,0,0,0,0,0,0,0.0,0.006198347107438,0.0230591852421214,0.0184650894402769,0.0128990648178007,0.0039603960396039,0.0093196644920782,0.0,0.0,0.0,0.0,0.0,0.0,0.0,0.0,0.0,0.0,0.0,0.0,0.0,0.0,0.0,0.0,0.0,0.0,0.0,0.0,0.0,0.0,0.0,0.0,,0.02,0.02,0.02,0.015,0.01,0.025,,,,,,,,,,,,,,,,,,,,,,,,,0.0,0.4472135954999579,0.7018572150344099,0.5773502691896257,0.7289126662252898,0.665719023448946,0.5462106962915235,0.0,0.0,0.0,0.0,0.0,0.0,0.0,0.0,0.0,0.0,0.0,0.0,0.0,0.0,0.0,0.0,0.0,0.0,0.0,0.0,0.0,0.0
61,Volleyball,0.0,,,,,,,,,,,,,,,,,,,,,,,,,,,,,,,0.3798882681564245,,0.4223300970873786,,0.3939393939393939,,0.4444444444444444,,0.4411764705882353,2.0,0.4326923076923077,,0.3974895397489539,1.0,0.3852813852813853,,0.4872727272727272,,0.4946236559139785,,0.4946996466431095,,0.4946996466431095,,0.4982578397212543,,0.5017667844522968,1.0,0.5,,0.5,650.0,0,0,0,0,0,0,0,0,0,0,0,0,0,0,0,1,1,1,1,1,1,1,1,1,1,1,1,1,1,1,1,0.0,0.0,0.0,0.0,0.0,0.0,0.0,0.0,0.0,0.0,0.0,0.0,0.0,0.0,0.0,0.0188818565400843,0.0196583643477431,0.0193159963207626,0.0205675109502951,0.0228264518294729,0.0179496030376251,0.0162850913055328,0.0140742094681045,0.0199564586357039,0.0201866724549598,0.0210518485457115,0.0208057638582561,0.0222136222910216,0.0206750438340151,0.036336109008327,0.0282463711259317,,,,,,,,,,,,,,,,0.055,0.06,0.07,0.065,0.065,0.06,0.075,0.065,0.09,0.085,0.095,0.075,0.09,0.095,,,0.0,0.0,0.0,0.0,0.0,0.0,0.0,0.0,0.0,0.0,0.0,0.0,0.0,0.0,0.0,0.7508554467244156,0.8235347831577001,0.8064816169414816,0.7491153476016532,0.6222468075077066,0.6954345341737777,0.8077768293794011,0.7450998069933414,0.7625668315862192,0.851844550745534,0.6998982308121574,0.7494657921001555,0.8195193059493817,0.833919657523582
62,Water Polo,0.0,,,0.0,,0.0,,,,0.0,,0.0,,0.0,,0.0,,0.0,,0.0,,0.0,,0.0,,0.0,,0.0,,0.0,,0.0,,0.0,,0.0,,0.0,,0.0,,0.0,,0.0,,0.0,,0.0,,0.3376623376623376,,0.396078431372549,,0.40234375,,0.3968871595330739,,0.4031007751937984,,0.4545454545454545,,0.5454545454545454,1150.0,0,1,1,0,1,1,1,1,1,1,1,1,1,1,1,1,1,1,1,1,1,1,1,1,1,1,1,1,1,1,1,0.0,0.0273760330578512,0.016141429669485,0.0,0.0090293453724604,0.0111386138613861,0.0235321528424976,0.01774108554365,0.0200932902762827,0.0123456790123456,0.0191891891891891,0.020855614973262,0.0204103440906176,0.0149207336027354,0.0162425554953979,0.0144514767932489,0.0154594904093902,0.0147169495777238,0.0124738145115216,0.0147700570661295,0.0132033137728684,0.0106295993458708,0.0092609516846402,0.0111030478955007,0.0167136965487301,0.0189689801383619,0.0188207616526981,0.019891640866873,0.0188486265341905,0.022899318697956,0.0237347979599843,,0.025,0.005,,0.02,0.03,0.06,0.065,0.07,0.025,0.08,0.09,0.105,0.05,0.08,0.065,0.075,0.08,0.06,0.06,0.06,0.06,0.06,0.06,0.065,0.065,0.07,0.07,0.07,,,0.0,0.8293791789556856,0.6844841258338417,0.0,0.8416254115301732,0.642416074439621,0.6120183007127686,0.7213009054213464,0.6250321022128515,0.7276237928549144,0.9000369688174692,0.7276489276467013,0.7387607321682663,0.8207176339710497,0.7260358153687604,0.8766622905241069,0.6414161358522716,0.7579723077619982,0.6013116211697093,0.668042657122685,0.7299808027053445,0.6563036065321398,0.653906496922497,0.7003822631048058,0.8572859527794372,0.63405962438603,0.5915676921954112,0.6919847126727589,0.7769578849062877
63,Weightlifting,0.0,0.0,,,,0.0,,0.0,,,,,,0.0,,0.0,,0.0,,0.0,,0.0,,0.0,,0.0,,0.0,,0.0,,0.0,,0.0,2.0,0.0,8.0,0.0,,0.0,5.0,0.0,5.0,0.0,2.0,0.0,,0.0,5.0,0.3455284552845528,13.0,0.3413654618473896,26.0,0.3438735177865613,37.0,0.4087301587301587,7.0,0.403921568627451,,0.5,,0.5,300.0,1,0,1,1,0,0,1,1,1,1,1,1,1,1,1,1,1,1,1,1,1,1,1,1,1,1,1,1,1,1,1,0.0263157894736842,0.0,0.005380476556495,0.0126947489901904,0.0,0.0,0.0123485554520037,0.0187950114175303,0.0168640114818801,0.0087323095453176,0.0108108108108108,0.0160427807486631,0.0151741825176319,0.0163195523779919,0.0186247969680563,0.015717299578059,0.0152686325031014,0.0157203779580232,0.0164730527518567,0.0192458319346536,0.0160510873317224,0.0153992913600436,0.0148662645463961,0.0176342525399129,0.0177990015194269,0.0185226511939299,0.0186002058520805,0.0195046439628482,0.0186294564582115,0.0185465556396669,0.0117693213024715,0.025,,0.015,0.035,,,0.07,0.08,0.095,0.04,0.075,0.15,0.205,0.17,0.265,0.21,0.275,0.27,0.23,0.195,0.24,0.31,0.345,0.385,0.38,0.395,0.42,0.42,0.46,,,0.8660254037844386,0.0,0.8660254037844388,0.1763834207376393,0.0,0.0,0.6251537919140668,0.7286195078955621,0.6669005816457726,0.7027283689263065,0.7576003783877971,0.622451899171339,0.734930919740164,0.8366895188642344,0.7733854149129009,0.8960057273632032,0.7518724770117162,0.6684169294829041,0.7792787136063695,0.8681122494540618,0.7051561529799393,0.8644178739080852,0.863619122774567,0.7502275699186395,0.8288243525704447,0.7221166242167542,0.8109261833365158,0.7011225623687858,0.8021382602869034
64,Wrestling,0.0,0.0,,,,0.0,,0.0,,0.0,,0.0,,0.0,,0.0,,0.0,,0.0,,0.0,,0.0,,0.0,,0.0,,0.0,,0.0,,0.0,,0.0,,0.0,,0.0,1.0,0.0,1.0,0.0,,0.0,,0.0,2.0,0.0,1.0,0.1461988304093567,7.0,0.1924198250728863,4.0,0.2241887905604719,1.0,0.3236994219653179,,0.3333333333333333,,0.6666666666666666,350.0,1,0,1,1,1,1,1,1,1,1,1,1,1,1,1,1,1,1,1,1,1,1,1,1,1,1,1,1,1,1,1,0.0131578947368421,0.0,0.0368946963873943,0.0225043277553375,0.0428893905191873,0.042079207920792,0.0375116495806151,0.0428596522044616,0.0303193397918909,0.02710027100271,0.0283783783783783,0.030614973262032,0.0279974353494336,0.0303077401305564,0.036491608012994,0.0318565400843881,0.0317778413970798,0.0342001839618697,0.0332317653780232,0.0302114803625377,0.0246807041767345,0.0311392750068138,0.0226040333881679,0.0291001451378809,0.0227190507199189,0.0254407498326266,0.0252168798706072,0.0262383900928792,0.0252776154295733,0.0272520817562452,0.0282463711259317,0.02,,0.025,0.055,0.075,0.09,0.095,0.13,0.145,0.09,0.145,0.145,0.185,0.15,0.23,0.21,0.23,0.245,0.205,0.175,0.22,0.345,0.295,0.375,0.275,0.33,0.295,0.35,0.33,,,2.442316990216822,0.0,0.7601360049143081,0.7364660694615496,0.7257210550535053,0.8792552241336439,0.7782764841072135,0.7375994551386624,0.9882117688026186,0.8856471642522428,0.6916231768310521,0.6724218152175879,0.7161183417280174,0.890870806374748,0.8702447241715139,0.7429891084188087,0.7061550149710092,0.8944401853827143,0.7786189035195273,0.8420808071816791,0.7512399397442685,0.8358173896543087,0.892268788502568,0.8990755177897525,0.7646923539349821,0.6453420992906476,0.7221789578637698,0.7676719150401194,0.7095367547121665
65,climbing,,,,,,,0.0,,,,,,,,,,,,,,,,,,,,,,,,,,,,,,,,,,,,,,,,,,,,,,,,,,,,,,,,,0,0,0,0,0,0,0,0,0,0,0,0,0,0,0,0,0,0,0,0,0,0,0,0,0,0,0,0,0,0,0,,,,,0.0,,,,,,,,,,,,,,,,,,,,,,,,,,,,,,,,,,,,,,,,,,,,,,,,,,,,,,,,,,0.0,0.0,0.0,0.0,0.0,0.0,0.0,0.0,0.0,0.0,0.0,0.0,0.0,0.0,0.0,0.0,0.0,0.0,0.0,0.0,0.0,0.0,0.0,0.0,0.0,0.0,0.0,0.0,0.0
66,Fitness,,,,,,,0.0,,,,,,,,,,,,,,,,,,,,,,,,,,,,,,,,,,,,,,,,,,,,,,,,,,,,,,,,,0,0,0,0,0,0,0,0,0,0,0,0,0,0,0,0,0,0,0,0,0,0,0,0,0,0,0,0,0,0,0,,,,,0.0,,,,,,,,,,,,,,,,,,,,,,,,,,,,,,,,,,,,,,,,,,,,,,,,,,,,,,,,,,0.0,0.0,0.0,0.0,0.0,0.0,0.0,0.0,0.0,0.0,0.0,0.0,0.0,0.0,0.0,0.0,0.0,0.0,0.0,0.0,0.0,0.0,0.0,0.0,0.0,0.0,0.0,0.0,0.0
67,Headis,,,,,,,0.0,,,,,,,,,,,,,,,,,,,,,,,,,,,,,,,,,,,,,,,,,,,,,,,,,,,,,,,,,0,0,0,0,0,0,0,0,0,0,0,0,0,0,0,0,0,0,0,0,0,0,0,0,0,0,0,0,0,0,0,,,,,0.0,,,,,,,,,,,,,,,,,,,,,,,,,,,,,,,,,,,,,,,,,,,,,,,,,,,,,,,,,,0.0,0.0,0.0,0.0,0.0,0.0,0.0,0.0,0.0,0.0,0.0,0.0,0.0,0.0,0.0,0.0,0.0,0.0,0.0,0.0,0.0,0.0,0.0,0.0,0.0,0.0,0.0,0.0,0.0
