Sport,Parameter,Model,R2,MSE
Alpine Skiing,drug,ARIMA,1.0,0.0
Alpine Skiing,drug,SARIMA,1.0,0.0
Alpine Skiing,drug,SARIMAX,1.0,0.0
Alpine Skiing,equity,ARIMA,-0.029284749052470582,0.0013487644627682004
Alpine Skiing,equity,SARIMA,-0.09574024679941195,0.0014358470837816375
Alpine Skiing,equity,SARIMAX,-0.029284749052470582,0.0013487644627682004
Alpine Skiing,popularity,ARIMA,-0.3002921629383588,9.460456042910365e-05
Alpine Skiing,popularity,SARIMA,0.1321559096656132,6.314120089868763e-05
Alpine Skiing,popularity,SARIMAX,-0.3002921629383588,9.460456042910365e-05
Alpine Skiing,normalizedcountry,ARIMA,-0.11003036445733816,0.0017211252057236955
Alpine Skiing,normalizedcountry,SARIMA,-0.07028552119508458,0.0016594999982280036
Alpine Skiing,normalizedcountry,SARIMAX,-0.11003036445733816,0.0017211252057236955
Alpine Skiing,CV,ARIMA,0.1610837812646585,0.013495617332003376
Alpine Skiing,CV,SARIMA,0.07768989168331542,0.01483717206235983
Alpine Skiing,CV,SARIMAX,0.1610837812646585,0.013495617332003376
Alpinism,drug,ARIMA,1.0,0.0
Alpinism,drug,SARIMA,1.0,0.0
Alpinism,drug,SARIMAX,1.0,0.0
Archery,drug,ARIMA,1.0,0.0
Archery,drug,SARIMA,1.0,0.0
Archery,drug,SARIMAX,1.0,0.0
Archery,equity,ARIMA,-0.198009169610035,0.01922663162696237
Archery,equity,SARIMA,-0.30351532835644446,0.020919880810733923
Archery,equity,SARIMAX,-0.198009169610035,0.01922663162696237
Archery,popularity,ARIMA,-0.5022640112875307,0.00016233895696158093
Archery,popularity,SARIMA,-0.37511068591365904,0.00014859840399599435
Archery,popularity,SARIMAX,-0.5022640112875307,0.00016233895696158093
Archery,normalizedcountry,ARIMA,0.12946367109941304,0.006958100150643626
Archery,normalizedcountry,SARIMA,0.07418667104195298,0.007399923070214008
Archery,normalizedcountry,SARIMAX,0.12946367109941304,0.006958100150643626
Archery,CV,ARIMA,-0.06436581707857703,0.03394293217794699
Archery,CV,SARIMA,-0.2025693232096042,0.03835028175653048
Archery,CV,SARIMAX,-0.06436581707857703,0.03394293217794699
Art Competitions,drug,ARIMA,1.0,0.0
Art Competitions,drug,SARIMA,1.0,0.0
Art Competitions,drug,SARIMAX,1.0,0.0
Athletics,drug,ARIMA,-0.11238879623748099,328.5947064583464
Athletics,drug,SARIMA,-0.21772835425914727,359.7115437221333
Athletics,drug,SARIMAX,-0.11238879623748099,328.5947064583464
Athletics,equity,ARIMA,0.684056575744805,0.00926815080584511
Athletics,equity,SARIMA,0.6769111145167926,0.009477761790453058
Athletics,equity,SARIMAX,0.684056575744805,0.00926815080584511
Athletics,popularity,ARIMA,0.33478850560461937,0.0008522492205232855
Athletics,popularity,SARIMA,0.32642823645151875,0.0008629601491965354
Athletics,popularity,SARIMAX,0.33478850560461937,0.0008522492205232855
Athletics,normalizedcountry,ARIMA,0.6467019840400476,0.038383519928523575
Athletics,normalizedcountry,SARIMA,0.5473550366923075,0.04917691632787448
Athletics,normalizedcountry,SARIMAX,0.6467019840400476,0.038383519928523575
Athletics,CV,ARIMA,0.10761953597100804,0.005996986391040564
Athletics,CV,SARIMA,0.07523406418704692,0.006214623644862756
Athletics,CV,SARIMAX,0.10761953597100804,0.005996986391040564
Badminton,drug,ARIMA,1.0,0.0
Badminton,drug,SARIMA,1.0,0.0
Badminton,drug,SARIMAX,1.0,0.0
Baseball,drug,ARIMA,-0.021169251181282434,0.13161737015225414
Baseball,drug,SARIMA,-0.02615105936425577,0.13225946987361514
Baseball,drug,SARIMAX,-0.021169251181282434,0.13161737015225414
Basketball,drug,ARIMA,-0.022339881058252464,0.032942062834099235
Basketball,drug,SARIMA,-0.02916172832128283,0.03316187791257466
Basketball,drug,SARIMAX,-0.022339881058252464,0.032942062834099235
Basketball,equity,ARIMA,0.6080486161512003,0.01895791268675046
Basketball,equity,SARIMA,0.5939367494092871,0.01964047575085601
Basketball,equity,SARIMAX,0.6080486161512003,0.01895791268675046
Basketball,popularity,ARIMA,0.48534674075648077,2.1111334679397736e-05
Basketball,popularity,SARIMA,0.4561601469782123,2.2308583386829124e-05
Basketball,popularity,SARIMAX,0.48534674075648077,2.1111334679397736e-05
Basketball,normalizedcountry,ARIMA,0.10167982815533605,0.00017855499711974185
Basketball,normalizedcountry,SARIMA,0.04339597989210331,0.00019013981140416218
Basketball,normalizedcountry,SARIMAX,0.10167982815533605,0.00017855499711974185
Basketball,CV,ARIMA,-0.015724091675662244,0.009446781516096545
Basketball,CV,SARIMA,-0.012325042875532377,0.00941516853020743
Basketball,CV,SARIMAX,-0.015724091675662244,0.009446781516096545
Basque Pelota,drug,ARIMA,1.0,0.0
Basque Pelota,drug,SARIMA,1.0,0.0
Basque Pelota,drug,SARIMAX,1.0,0.0
Beach Volleyball,drug,ARIMA,1.0,0.0
Beach Volleyball,drug,SARIMA,1.0,0.0
Beach Volleyball,drug,SARIMAX,1.0,0.0
Biathlon,drug,ARIMA,1.0,0.0
Biathlon,drug,SARIMA,1.0,0.0
Biathlon,drug,SARIMAX,1.0,0.0
Bobsleigh,drug,ARIMA,1.0,0.0
Bobsleigh,drug,SARIMA,1.0,0.0
Bobsleigh,drug,SARIMAX,1.0,0.0
Bobsleigh,equity,ARIMA,1.0,0.0
Bobsleigh,equity,SARIMA,1.0,0.0
Bobsleigh,equity,SARIMAX,1.0,0.0
Bobsleigh,popularity,ARIMA,-0.29724447360256145,1.4437802167556213e-05
Bobsleigh,popularity,SARIMA,-0.37924614052721806,1.535044729232608e-05
Bobsleigh,popularity,SARIMAX,-0.29724447360256145,1.4437802167556213e-05
Bobsleigh,normalizedcountry,ARIMA,-0.1885110296940573,0.0006738433070140414
Bobsleigh,normalizedcountry,SARIMA,-0.30390535167543575,0.000739267766351698
Bobsleigh,normalizedcountry,SARIMAX,-0.1885110296940573,0.0006738433070140414
Bobsleigh,CV,ARIMA,-0.351714914484041,0.0389023973042309
Bobsleigh,CV,SARIMA,-0.4832667707586822,0.04268846382171002
Bobsleigh,CV,SARIMAX,-0.351714914484041,0.0389023973042309
Boxing,drug,ARIMA,-0.12741584428569852,0.20544022051428282
Boxing,drug,SARIMA,-0.1369987441668259,0.20718643782595497
Boxing,drug,SARIMAX,-0.12741584428569852,0.20544022051428282
Boxing,equity,ARIMA,-0.03506719178917028,0.014241573379710612
Boxing,equity,SARIMA,-0.013111561544985717,0.013939484083768522
Boxing,equity,SARIMAX,-0.03506719178917028,0.014241573379710612
Boxing,popularity,ARIMA,-0.2922512830086612,2.1861654898612543e-05
Boxing,popularity,SARIMA,-0.2944079473735295,2.189814025768846e-05
Boxing,popularity,SARIMAX,-0.2922512830086612,2.1861654898612543e-05
Boxing,normalizedcountry,ARIMA,0.39976912162514755,0.010689945213056573
Boxing,normalizedcountry,SARIMA,0.36015821570849915,0.01139540444440266
Boxing,normalizedcountry,SARIMAX,0.39976912162514755,0.010689945213056573
Boxing,CV,ARIMA,0.06303505231392903,0.012473093545607043
Boxing,CV,SARIMA,0.22589896964035783,0.010305011504722433
Boxing,CV,SARIMAX,0.06303505231392903,0.012473093545607043
Canoeing,drug,ARIMA,0.2592592592592592,0.06666666666666667
Canoeing,drug,SARIMA,0.2592592592592592,0.06666666666666667
Canoeing,drug,SARIMAX,0.2592592592592592,0.06666666666666667
Canoeing,equity,ARIMA,-0.18002463149358205,0.017526138864741265
Canoeing,equity,SARIMA,-0.13770170362688727,0.016897543925993873
Canoeing,equity,SARIMAX,-0.18002463149358205,0.017526138864741265
Canoeing,popularity,ARIMA,0.2959231579778313,2.7630080381388308e-05
Canoeing,popularity,SARIMA,0.32878080379676355,2.634064811926073e-05
Canoeing,popularity,SARIMAX,0.2959231579778313,2.7630080381388308e-05
Canoeing,normalizedcountry,ARIMA,0.3865168686688236,0.0031343023591690732
Canoeing,normalizedcountry,SARIMA,0.2903801814779241,0.003625467364490912
Canoeing,normalizedcountry,SARIMAX,0.3865168686688236,0.0031343023591690732
Canoeing,CV,ARIMA,-0.1585105910223601,0.007238530299350056
Canoeing,CV,SARIMA,-0.005393129362624816,0.00628183176403026
Canoeing,CV,SARIMAX,-0.1585105910223601,0.007238530299350056
Cricket,drug,ARIMA,1.0,0.0
Cricket,drug,SARIMA,1.0,0.0
Cricket,drug,SARIMAX,1.0,0.0
Croquet,drug,ARIMA,1.0,0.0
Croquet,drug,SARIMA,1.0,0.0
Croquet,drug,SARIMAX,1.0,0.0
Cross Country Skiing,drug,ARIMA,1.0,0.0
Cross Country Skiing,drug,SARIMA,1.0,0.0
Cross Country Skiing,drug,SARIMAX,1.0,0.0
Cross Country Skiing,equity,ARIMA,0.3694057230865556,0.014816771973732339
Cross Country Skiing,equity,SARIMA,0.2544341228080951,0.017518204649460342
Cross Country Skiing,equity,SARIMAX,0.3694057230865556,0.014816771973732339
Cross Country Skiing,popularity,ARIMA,-0.1180319004281658,8.490065067777992e-05
Cross Country Skiing,popularity,SARIMA,-0.13399372099604,8.611275290106666e-05
Cross Country Skiing,popularity,SARIMAX,-0.1180319004281658,8.490065067777992e-05
Cross Country Skiing,normalizedcountry,ARIMA,-0.206975594273467,0.0017117596094785035
Cross Country Skiing,normalizedcountry,SARIMA,-0.29021988017347744,0.0018298185056149182
Cross Country Skiing,normalizedcountry,SARIMAX,-0.206975594273467,0.0017117596094785035
Cross Country Skiing,CV,ARIMA,-0.706615051232447,0.013565075157751018
Cross Country Skiing,CV,SARIMA,-0.7768492570554855,0.014123333612079339
Cross Country Skiing,CV,SARIMAX,-0.706615051232447,0.013565075157751018
Curling,drug,ARIMA,1.0,0.0
Curling,drug,SARIMA,1.0,0.0
Curling,drug,SARIMAX,1.0,0.0
Cycling,drug,ARIMA,0.275401992213287,0.6569688603932865
Cycling,drug,SARIMA,0.2505707052671553,0.6794825605577793
Cycling,drug,SARIMAX,0.275401992213287,0.6569688603932865
Cycling,equity,ARIMA,0.6566352630686816,0.008696815398206497
Cycling,equity,SARIMA,0.6489542931410114,0.0088913606451562
Cycling,equity,SARIMAX,0.6566352630686816,0.008696815398206497
Cycling,popularity,ARIMA,0.40472722439652187,7.548990458209518e-05
Cycling,popularity,SARIMA,0.05625824293333992,0.0001196812253321614
Cycling,popularity,SARIMAX,0.40472722439652187,7.548990458209518e-05
Cycling,normalizedcountry,ARIMA,0.4393446181554175,0.007100657503762007
Cycling,normalizedcountry,SARIMA,0.3816959946674823,0.007830772908352256
Cycling,normalizedcountry,SARIMAX,0.4393446181554175,0.007100657503762007
Cycling,CV,ARIMA,-0.15016824412286156,0.017687613794044068
Cycling,CV,SARIMA,-0.17986297163286724,0.018144267744107618
Cycling,CV,SARIMAX,-0.15016824412286156,0.017687613794044068
Diving,drug,ARIMA,1.0,0.0
Diving,drug,SARIMA,1.0,0.0
Diving,drug,SARIMAX,1.0,0.0
Diving,equity,ARIMA,0.3073801366873463,0.012760838757574222
Diving,equity,SARIMA,0.2188527735543896,0.014391868224690348
Diving,equity,SARIMAX,0.3073801366873463,0.012760838757574222
Diving,popularity,ARIMA,0.2879598226510519,6.615816149259365e-06
Diving,popularity,SARIMA,0.3446172574394083,6.089391961450196e-06
Diving,popularity,SARIMAX,0.2879598226510519,6.615816149259365e-06
Diving,normalizedcountry,ARIMA,0.4683854447466176,0.0010169880811444884
Diving,normalizedcountry,SARIMA,0.40782957447145973,0.0011328325359371424
Diving,normalizedcountry,SARIMAX,0.4683854447466176,0.0010169880811444884
Diving,CV,ARIMA,-0.030847875294218285,0.0117433420848601
Diving,CV,SARIMA,-0.04468773832031059,0.011901004771875508
Diving,CV,SARIMAX,-0.030847875294218285,0.0117433420848601
Equestrianism,drug,ARIMA,-0.1796535135745172,1.5060243189968008
Equestrianism,drug,SARIMA,-0.28969027467580344,1.6465045840027763
Equestrianism,drug,SARIMAX,-0.1796535135745172,1.5060243189968008
Equestrianism,equity,ARIMA,0.34856806072734925,0.018033556114899395
Equestrianism,equity,SARIMA,0.2913710055866241,0.019616939184263375
Equestrianism,equity,SARIMAX,0.34856806072734925,0.018033556114899395
Equestrianism,popularity,ARIMA,-0.10759040147069032,5.191679260271406e-05
Equestrianism,popularity,SARIMA,-0.1148349399278199,5.225637048284175e-05
Equestrianism,popularity,SARIMAX,-0.10759040147069032,5.191679260271406e-05
Equestrianism,normalizedcountry,ARIMA,0.13394894557639525,0.002436971439253088
Equestrianism,normalizedcountry,SARIMA,0.14901030439802188,0.002394590449013344
Equestrianism,normalizedcountry,SARIMAX,0.13394894557639525,0.002436971439253088
Equestrianism,CV,ARIMA,-0.039680497098776746,0.012998666731866186
Equestrianism,CV,SARIMA,-0.10292756331814346,0.013789416907374877
Equestrianism,CV,SARIMAX,-0.039680497098776746,0.012998666731866186
Fencing,drug,ARIMA,1.0,0.0
Fencing,drug,SARIMA,1.0,0.0
Fencing,drug,SARIMAX,1.0,0.0
Fencing,equity,ARIMA,0.6373152391996499,0.010985346968798137
Fencing,equity,SARIMA,0.45629680742698964,0.016468208383714437
Fencing,equity,SARIMAX,0.6373152391996499,0.010985346968798137
Fencing,popularity,ARIMA,0.14059939090403417,0.0008105754445904996
Fencing,popularity,SARIMA,0.060383909109962386,0.0008862336406984457
Fencing,popularity,SARIMAX,0.14059939090403417,0.0008105754445904996
Fencing,normalizedcountry,ARIMA,0.26684905077331245,0.0026556850152233925
Fencing,normalizedcountry,SARIMA,0.281912681924397,0.0026011201816581037
Fencing,normalizedcountry,SARIMAX,0.26684905077331245,0.0026556850152233925
Fencing,CV,ARIMA,-0.0688609803253668,0.007836192226830163
Fencing,CV,SARIMA,-0.16145365255375954,0.008515021365261893
Fencing,CV,SARIMAX,-0.0688609803253668,0.007836192226830163
Figure Skating,drug,ARIMA,1.0,0.0
Figure Skating,drug,SARIMA,1.0,0.0
Figure Skating,drug,SARIMAX,1.0,0.0
Figure Skating,equity,ARIMA,0.0043686360855306194,0.0010439730967300904
Figure Skating,equity,SARIMA,-0.17364448487518547,0.0012306294395127107
Figure Skating,equity,SARIMAX,0.0043686360855306194,0.0010439730967300904
Figure Skating,popularity,ARIMA,-0.2466106630980538,3.931305132731143e-06
Figure Skating,popularity,SARIMA,-0.4406994835240452,4.543382663056597e-06
Figure Skating,popularity,SARIMAX,-0.2466106630980538,3.931305132731143e-06
Figure Skating,normalizedcountry,ARIMA,-0.29953751642930704,0.0008028803583337467
Figure Skating,normalizedcountry,SARIMA,-0.3174702644426297,0.0008139595699523584
Figure Skating,normalizedcountry,SARIMAX,-0.29953751642930704,0.0008028803583337467
Figure Skating,CV,ARIMA,-0.2181625197237218,0.019306681108364105
Figure Skating,CV,SARIMA,0.10061697715182705,0.014254338756329808
Figure Skating,CV,SARIMAX,-0.2181625197237218,0.019306681108364105
Football,drug,ARIMA,1.0,0.0
Football,drug,SARIMA,1.0,0.0
Football,drug,SARIMAX,1.0,0.0
Football,equity,ARIMA,0.6837923430180015,0.010807773432752552
Football,equity,SARIMA,0.6825726357733131,0.01084946223839596
Football,equity,SARIMAX,0.6837923430180015,0.010807773432752552
Football,popularity,ARIMA,0.3316284257509309,6.315179383855878e-05
Football,popularity,SARIMA,0.30834926757002834,6.535134967668261e-05
Football,popularity,SARIMAX,0.3316284257509309,6.315179383855878e-05
Football,normalizedcountry,ARIMA,-0.06693637160928834,0.0008873643513728287
Football,normalizedcountry,SARIMA,-0.15497527226940777,0.0009605857580645973
Football,normalizedcountry,SARIMAX,-0.06693637160928834,0.0008873643513728287
Football,CV,ARIMA,0.22368312716122074,0.02596659598394909
Football,CV,SARIMA,0.20935728523568875,0.02644577318906371
Football,CV,SARIMAX,0.22368312716122074,0.02596659598394909
Freestyle Skiing,drug,ARIMA,1.0,0.0
Freestyle Skiing,drug,SARIMA,1.0,0.0
Freestyle Skiing,drug,SARIMAX,1.0,0.0
Golf,drug,ARIMA,1.0,0.0
Golf,drug,SARIMA,1.0,0.0
Golf,drug,SARIMAX,1.0,0.0
Gymnastics,drug,ARIMA,-0.19476402299307582,0.10752876206937681
Gymnastics,drug,SARIMA,-0.16196518188247455,0.10457686636942269
Gymnastics,drug,SARIMAX,-0.19476402299307582,0.10752876206937681
Gymnastics,equity,ARIMA,0.32462500706817954,0.02796388636550346
Gymnastics,equity,SARIMA,0.28222436124834194,0.029719484150347107
Gymnastics,equity,SARIMAX,0.32462500706817954,0.02796388636550346
Gymnastics,popularity,ARIMA,-0.3022552949788362,0.005399935555411259
Gymnastics,popularity,SARIMA,-0.3284909752476439,0.005508724502747611
Gymnastics,popularity,SARIMAX,-0.3022552949788362,0.005399935555411259
Gymnastics,normalizedcountry,ARIMA,0.3130066345032375,0.003461320558947225
Gymnastics,normalizedcountry,SARIMA,0.22682038542232463,0.003895557992414427
Gymnastics,normalizedcountry,SARIMAX,0.3130066345032375,0.003461320558947225
Gymnastics,CV,ARIMA,0.23513297805276268,0.010873131999542469
Gymnastics,CV,SARIMA,0.23181122549249478,0.010920353088988397
Gymnastics,CV,SARIMAX,0.23513297805276268,0.010873131999542469
Handball,drug,ARIMA,1.0,0.0
Handball,drug,SARIMA,1.0,0.0
Handball,drug,SARIMAX,1.0,0.0
Handball,equity,ARIMA,-0.6643815206248616,0.02728044747257096
Handball,equity,SARIMA,-1.087305047223274,0.03421247772483601
Handball,equity,SARIMAX,-0.6643815206248616,0.02728044747257096
Handball,popularity,ARIMA,-0.2843482647137163,2.2872146755565505e-05
Handball,popularity,SARIMA,-0.5573226647931859,2.7733375372962182e-05
Handball,popularity,SARIMAX,-0.2843482647137163,2.2872146755565505e-05
Handball,normalizedcountry,ARIMA,0.07437054209301186,9.770533166795986e-05
Handball,normalizedcountry,SARIMA,0.06241172319925459,9.896765144007868e-05
Handball,normalizedcountry,SARIMAX,0.07437054209301186,9.770533166795986e-05
Handball,CV,ARIMA,-0.23744330260449442,0.007524693087085668
Handball,CV,SARIMA,-0.47087459217315786,0.008944151099610238
Handball,CV,SARIMAX,-0.23744330260449442,0.007524693087085668
Hockey,drug,ARIMA,1.0,0.0
Hockey,drug,SARIMA,1.0,0.0
Hockey,drug,SARIMAX,1.0,0.0
Hockey,equity,ARIMA,0.5864498639549207,0.0215840182469597
Hockey,equity,SARIMA,0.5829523388868216,0.021766561156051672
Hockey,equity,SARIMAX,0.5864498639549207,0.0215840182469597
Hockey,popularity,ARIMA,-0.07664697291837053,3.946751505536798e-05
Hockey,popularity,SARIMA,-0.0842214746172898,3.974517966350659e-05
Hockey,popularity,SARIMAX,-0.07664697291837053,3.946751505536798e-05
Hockey,normalizedcountry,ARIMA,-0.09039260363863466,0.0003361856121445769
Hockey,normalizedcountry,SARIMA,-0.3637242801537166,0.00042045817294615357
Hockey,normalizedcountry,SARIMAX,-0.09039260363863466,0.0003361856121445769
Hockey,CV,ARIMA,-0.17147324427399369,0.0089514755503866
Hockey,CV,SARIMA,-0.2713032705640006,0.00971429795704196
Hockey,CV,SARIMAX,-0.17147324427399369,0.0089514755503866
Ice Hockey,drug,ARIMA,1.0,0.0
Ice Hockey,drug,SARIMA,1.0,0.0
Ice Hockey,drug,SARIMAX,1.0,0.0
Ice Hockey,equity,ARIMA,1.0,0.0
Ice Hockey,equity,SARIMA,1.0,0.0
Ice Hockey,equity,SARIMAX,1.0,0.0
Ice Hockey,popularity,ARIMA,-0.2425158291546896,2.3885700333909574e-05
Ice Hockey,popularity,SARIMA,-0.3631331005791185,2.6204405603280483e-05
Ice Hockey,popularity,SARIMAX,-0.2425158291546896,2.3885700333909574e-05
Ice Hockey,normalizedcountry,ARIMA,-0.25306343156332445,0.0002466968630890295
Ice Hockey,normalizedcountry,SARIMA,-0.48709925876579785,0.00029277266656951644
Ice Hockey,normalizedcountry,SARIMAX,-0.25306343156332445,0.0002466968630890295
Ice Hockey,CV,ARIMA,-0.06248058971686565,0.009306249012789465
Ice Hockey,CV,SARIMA,-0.2130926690703514,0.010625457597269166
Ice Hockey,CV,SARIMAX,-0.06248058971686565,0.009306249012789465
Jeu De Paume,drug,ARIMA,1.0,0.0
Jeu De Paume,drug,SARIMA,1.0,0.0
Jeu De Paume,drug,SARIMAX,1.0,0.0
Judo,drug,ARIMA,-0.025252556611649934,0.21074635885906137
Judo,drug,SARIMA,-0.11895755579734346,0.2300079420250095
Judo,drug,SARIMAX,-0.025252556611649934,0.21074635885906137
Judo,equity,ARIMA,0.23871642393363646,0.03167580506542668
Judo,equity,SARIMA,0.13316180667519206,0.03606776567662308
Judo,equity,SARIMAX,0.23871642393363646,0.03167580506542668
Judo,popularity,ARIMA,-0.35248245415818236,6.801948948285308e-05
Judo,popularity,SARIMA,-0.6930310146397758,8.514646895446203e-05
Judo,popularity,SARIMAX,-0.35248245415818236,6.801948948285308e-05
Judo,normalizedcountry,ARIMA,-0.5546336006205017,0.03472230962719207
Judo,normalizedcountry,SARIMA,-0.8609712250056278,0.04156427537404931
Judo,normalizedcountry,SARIMAX,-0.5546336006205017,0.03472230962719207
Judo,CV,ARIMA,-0.13440366532130765,0.07819475866793127
Judo,CV,SARIMA,-0.06791809009000227,0.07361188956318626
Judo,CV,SARIMAX,-0.13440366532130765,0.07819475866793127
Lacrosse,drug,ARIMA,1.0,0.0
Lacrosse,drug,SARIMA,1.0,0.0
Lacrosse,drug,SARIMAX,1.0,0.0
Luge,drug,ARIMA,1.0,0.0
Luge,drug,SARIMA,1.0,0.0
Luge,drug,SARIMAX,1.0,0.0
Military Ski Patrol,drug,ARIMA,1.0,0.0
Military Ski Patrol,drug,SARIMA,1.0,0.0
Military Ski Patrol,drug,SARIMAX,1.0,0.0
Modern Pentathlon,drug,ARIMA,-0.022500184950925428,0.18632225592439083
Modern Pentathlon,drug,SARIMA,-0.06858634315297918,0.19472017808565398
Modern Pentathlon,drug,SARIMAX,-0.022500184950925428,0.18632225592439083
Modern Pentathlon,equity,ARIMA,0.6031746031746033,0.02
Modern Pentathlon,equity,SARIMA,0.6031746031746033,0.02
Modern Pentathlon,equity,SARIMAX,0.6031746031746033,0.02
Modern Pentathlon,popularity,ARIMA,0.3532916832556354,3.494023443676336e-06
Modern Pentathlon,popularity,SARIMA,0.3365478105702807,3.584486921856232e-06
Modern Pentathlon,popularity,SARIMAX,0.3532916832556354,3.494023443676336e-06
Modern Pentathlon,normalizedcountry,ARIMA,0.18615633853011748,0.0007109208997452415
Modern Pentathlon,normalizedcountry,SARIMA,0.07125909197534874,0.0008112876627565053
Modern Pentathlon,normalizedcountry,SARIMAX,0.18615633853011748,0.0007109208997452415
Modern Pentathlon,CV,ARIMA,-0.14441767798643124,0.08884907428641797
Modern Pentathlon,CV,SARIMA,-0.11339901543239339,0.08644088057660207
Modern Pentathlon,CV,SARIMAX,-0.14441767798643124,0.08884907428641797
Motorboating,drug,ARIMA,1.0,0.0
Motorboating,drug,SARIMA,1.0,0.0
Motorboating,drug,SARIMAX,1.0,0.0
Nordic Combined,drug,ARIMA,1.0,0.0
Nordic Combined,drug,SARIMA,1.0,0.0
Nordic Combined,drug,SARIMAX,1.0,0.0
Nordic Combined,equity,ARIMA,1.0,0.0
Nordic Combined,equity,SARIMA,1.0,0.0
Nordic Combined,equity,SARIMAX,1.0,0.0
Nordic Combined,popularity,ARIMA,-0.14751763709707033,4.160850048465736e-06
Nordic Combined,popularity,SARIMA,0.07100411436348097,3.3684994903901405e-06
Nordic Combined,popularity,SARIMAX,-0.14751763709707033,4.160850048465736e-06
Nordic Combined,normalizedcountry,ARIMA,-0.09683138155772864,8.335918499838742e-05
Nordic Combined,normalizedcountry,SARIMA,-0.2420335832543694,9.439455232733212e-05
Nordic Combined,normalizedcountry,SARIMAX,-0.09683138155772864,8.335918499838742e-05
Nordic Combined,CV,ARIMA,-0.21816201421018122,0.017052936164743914
Nordic Combined,CV,SARIMA,-0.5377509239850096,0.021526831437930393
Nordic Combined,CV,SARIMAX,-0.21816201421018122,0.017052936164743914
Polo,drug,ARIMA,1.0,0.0
Polo,drug,SARIMA,1.0,0.0
Polo,drug,SARIMAX,1.0,0.0
Racquets,drug,ARIMA,1.0,0.0
Racquets,drug,SARIMA,1.0,0.0
Racquets,drug,SARIMAX,1.0,0.0
Rhythmic Gymnastics,drug,ARIMA,1.0,0.0
Rhythmic Gymnastics,drug,SARIMA,1.0,0.0
Rhythmic Gymnastics,drug,SARIMAX,1.0,0.0
Roque,drug,ARIMA,1.0,0.0
Roque,drug,SARIMA,1.0,0.0
Roque,drug,SARIMAX,1.0,0.0
Rowing,drug,ARIMA,-0.023158312186842833,0.1182316271860352
Rowing,drug,SARIMA,-0.08161301681864952,0.12498639305459953
Rowing,drug,SARIMAX,-0.023158312186842833,0.1182316271860352
Rowing,equity,ARIMA,0.597772104715625,0.014579256582561784
Rowing,equity,SARIMA,0.5580147931761159,0.016020310404941628
Rowing,equity,SARIMAX,0.597772104715625,0.014579256582561784
Rowing,popularity,ARIMA,-0.09236545156497278,0.00023612711447018147
Rowing,popularity,SARIMA,-0.18027515659189985,0.00025512978885190463
Rowing,popularity,SARIMAX,-0.09236545156497278,0.00023612711447018147
Rowing,normalizedcountry,ARIMA,0.46559453494969905,0.003929456261055045
Rowing,normalizedcountry,SARIMA,0.4335321317144314,0.004165209484734065
Rowing,normalizedcountry,SARIMAX,0.46559453494969905,0.003929456261055045
Rowing,CV,ARIMA,0.13357430277509863,0.01575995225455578
Rowing,CV,SARIMA,0.15879412252216885,0.01530121337324677
Rowing,CV,SARIMAX,0.13357430277509863,0.01575995225455578
Rugby,drug,ARIMA,1.0,0.0
Rugby,drug,SARIMA,1.0,0.0
Rugby,drug,SARIMAX,1.0,0.0
Rugby Sevens,drug,ARIMA,1.0,0.0
Rugby Sevens,drug,SARIMA,1.0,0.0
Rugby Sevens,drug,SARIMAX,1.0,0.0
Sailing,drug,ARIMA,-0.021633860252142867,0.03291931327479126
Sailing,drug,SARIMA,-0.024597436024137664,0.033014806271888866
Sailing,drug,SARIMAX,-0.021633860252142867,0.03291931327479126
Sailing,equity,ARIMA,0.563336661443691,0.01292666636468629
Sailing,equity,SARIMA,0.5985205976037699,0.011885106508433068
Sailing,equity,SARIMAX,0.563336661443691,0.01292666636468629
Sailing,popularity,ARIMA,0.05693141792974943,2.22105765488515e-05
Sailing,popularity,SARIMA,0.026947937784995935,2.2916729201603545e-05
Sailing,popularity,SARIMAX,0.05693141792974943,2.22105765488515e-05
Sailing,normalizedcountry,ARIMA,0.4735419790990063,0.0064154174426995095
Sailing,normalizedcountry,SARIMA,0.3718481750253324,0.007654658139141298
Sailing,normalizedcountry,SARIMAX,0.4735419790990063,0.0064154174426995095
Sailing,CV,ARIMA,0.1666350037203257,0.011764507415392134
Sailing,CV,SARIMA,0.12149374107793831,0.012401760865521813
Sailing,CV,SARIMAX,0.1666350037203257,0.011764507415392134
Shooting,drug,ARIMA,-0.019454885468212613,0.06343274842913323
Shooting,drug,SARIMA,-0.023441694853525652,0.06368081656866381
Shooting,drug,SARIMAX,-0.019454885468212613,0.06343274842913323
Shooting,equity,ARIMA,0.5570789290626733,0.015011983185914688
Shooting,equity,SARIMA,0.5360842463371079,0.015723558779739615
Shooting,equity,SARIMAX,0.5570789290626733,0.015011983185914688
Shooting,popularity,ARIMA,0.5413922558898148,0.0012657362602841434
Shooting,popularity,SARIMA,0.5011887114868352,0.0013766961919388708
Shooting,popularity,SARIMAX,0.5413922558898148,0.0012657362602841434
Shooting,normalizedcountry,ARIMA,0.504542463827509,0.013761497975394547
Shooting,normalizedcountry,SARIMA,0.4436604348595765,0.015452516593967803
Shooting,normalizedcountry,SARIMAX,0.504542463827509,0.013761497975394547
Shooting,CV,ARIMA,-0.09056757750986577,0.01128794383320633
Shooting,CV,SARIMA,-0.14780368635834007,0.011880367443844084
Shooting,CV,SARIMAX,-0.09056757750986577,0.01128794383320633
Short Track Speed Skating,drug,ARIMA,1.0,0.0
Short Track Speed Skating,drug,SARIMA,1.0,0.0
Short Track Speed Skating,drug,SARIMAX,1.0,0.0
Skeleton,drug,ARIMA,1.0,0.0
Skeleton,drug,SARIMA,1.0,0.0
Skeleton,drug,SARIMAX,1.0,0.0
Ski Jumping,drug,ARIMA,1.0,0.0
Ski Jumping,drug,SARIMA,1.0,0.0
Ski Jumping,drug,SARIMAX,1.0,0.0
Ski Jumping,equity,ARIMA,1.0,0.0
Ski Jumping,equity,SARIMA,1.0,0.0
Ski Jumping,equity,SARIMAX,1.0,0.0
Ski Jumping,popularity,ARIMA,-0.08658850929140915,5.338187258243547e-06
Ski Jumping,popularity,SARIMA,0.18265523597398348,4.015447768503524e-06
Ski Jumping,popularity,SARIMAX,-0.08658850929140915,5.338187258243547e-06
Ski Jumping,normalizedcountry,ARIMA,-0.6274355083834984,0.00017829460125179215
Ski Jumping,normalizedcountry,SARIMA,-0.9994718025992722,0.00021905324415143134
Ski Jumping,normalizedcountry,SARIMAX,-0.6274355083834984,0.00017829460125179215
Ski Jumping,CV,ARIMA,-0.20201415217451646,0.015734566593031237
Ski Jumping,CV,SARIMA,-0.180146727120702,0.015448318336215867
Ski Jumping,CV,SARIMAX,-0.20201415217451646,0.015734566593031237
Snowboarding,drug,ARIMA,1.0,0.0
Snowboarding,drug,SARIMA,1.0,0.0
Snowboarding,drug,SARIMAX,1.0,0.0
Softball,drug,ARIMA,1.0,0.0
Softball,drug,SARIMA,1.0,0.0
Softball,drug,SARIMAX,1.0,0.0
Speed Skating,drug,ARIMA,1.0,0.0
Speed Skating,drug,SARIMA,1.0,0.0
Speed Skating,drug,SARIMAX,1.0,0.0
Speed Skating,equity,ARIMA,0.4739535867494191,0.02209878549864464
Speed Skating,equity,SARIMA,0.34648111468676857,0.027453801227556418
Speed Skating,equity,SARIMAX,0.4739535867494191,0.02209878549864464
Speed Skating,popularity,ARIMA,-0.2845689719144533,2.879504113813855e-05
Speed Skating,popularity,SARIMA,-0.37304345980417697,3.077829511216494e-05
Speed Skating,popularity,SARIMAX,-0.2845689719144533,2.879504113813855e-05
Speed Skating,normalizedcountry,ARIMA,-0.39106278994871113,0.0006513265107604298
Speed Skating,normalizedcountry,SARIMA,-0.7685778934569543,0.0008280874714475116
Speed Skating,normalizedcountry,SARIMAX,-0.39106278994871113,0.0006513265107604298
Speed Skating,CV,ARIMA,-0.14324460789289573,0.014139665481070115
Speed Skating,CV,SARIMA,-0.3282051577546383,0.016427260177939083
Speed Skating,CV,SARIMAX,-0.14324460789289573,0.014139665481070115
Swimming,drug,ARIMA,-0.09350262816677368,0.22477554023428128
Swimming,drug,SARIMA,-0.06330721660502037,0.21856870563547642
Swimming,drug,SARIMAX,-0.09350262816677368,0.22477554023428128
Swimming,equity,ARIMA,0.5055413828370192,0.011914107431467261
Swimming,equity,SARIMA,0.4890664332377268,0.012311075575293297
Swimming,equity,SARIMAX,0.5055413828370192,0.011914107431467261
Swimming,popularity,ARIMA,0.7772725099314602,0.00019124179266588468
Swimming,popularity,SARIMA,0.785361243162317,0.00018429651688071268
Swimming,popularity,SARIMAX,0.7772725099314602,0.00019124179266588468
Swimming,normalizedcountry,ARIMA,0.5935321620383107,0.02791442503760961
Swimming,normalizedcountry,SARIMA,0.4809080194555957,0.035648956264768036
Swimming,normalizedcountry,SARIMAX,0.5935321620383107,0.02791442503760961
Swimming,CV,ARIMA,-0.05726124619178852,0.010364174245989172
Swimming,CV,SARIMA,-0.19212747059660806,0.011686247720889498
Swimming,CV,SARIMAX,-0.05726124619178852,0.010364174245989172
Synchronized Swimming,drug,ARIMA,1.0,0.0
Synchronized Swimming,drug,SARIMA,1.0,0.0
Synchronized Swimming,drug,SARIMAX,1.0,0.0
Synchronized Swimming,equity,ARIMA,1.0,0.0
Synchronized Swimming,equity,SARIMA,1.0,0.0
Synchronized Swimming,equity,SARIMAX,1.0,0.0
Synchronized Swimming,popularity,ARIMA,0.09264666560141654,2.756540435968266e-06
Synchronized Swimming,popularity,SARIMA,0.09601839140217139,2.746297129247033e-06
Synchronized Swimming,popularity,SARIMAX,0.09264666560141654,2.756540435968266e-06
Table Tennis,drug,ARIMA,1.0,0.0
Table Tennis,drug,SARIMA,1.0,0.0
Table Tennis,drug,SARIMAX,1.0,0.0
Table Tennis,equity,ARIMA,-1.8810374491598303,4.356945960419163e-05
Table Tennis,equity,SARIMA,-0.8273316224922391,2.7634438189220755e-05
Table Tennis,equity,SARIMAX,-1.8810374491598303,4.356945960419163e-05
Table Tennis,popularity,ARIMA,-0.3609151548217282,2.454423519100545e-06
Table Tennis,popularity,SARIMA,-0.8028090600861493,3.251383410527618e-06
Table Tennis,popularity,SARIMAX,-0.3609151548217282,2.454423519100545e-06
Taekwondo,drug,ARIMA,1.0,0.0
Taekwondo,drug,SARIMA,1.0,0.0
Taekwondo,drug,SARIMAX,1.0,0.0
Tennis,drug,ARIMA,1.0,0.0
Tennis,drug,SARIMA,1.0,0.0
Tennis,drug,SARIMAX,1.0,0.0
Tennis,equity,ARIMA,0.2018527922794201,0.01969902582988653
Tennis,equity,SARIMA,0.12722134994051726,0.021541000212725463
Tennis,equity,SARIMAX,0.2018527922794201,0.01969902582988653
Tennis,popularity,ARIMA,-0.19516747635977705,0.00012260466549055557
Tennis,popularity,SARIMA,-0.2541319195805092,0.00012865345445102299
Tennis,popularity,SARIMAX,-0.19516747635977705,0.00012260466549055557
Tennis,normalizedcountry,ARIMA,0.58195561513337,0.004255227344181331
Tennis,normalizedcountry,SARIMA,0.5479989592463448,0.004600868371493596
Tennis,normalizedcountry,SARIMAX,0.58195561513337,0.004255227344181331
Tennis,CV,ARIMA,-0.19530245331133256,0.00858168199324853
Tennis,CV,SARIMA,-0.07498950314550101,0.007717894359304974
Tennis,CV,SARIMAX,-0.19530245331133256,0.00858168199324853
Trampolining,drug,ARIMA,1.0,0.0
Trampolining,drug,SARIMA,1.0,0.0
Trampolining,drug,SARIMAX,1.0,0.0
Triathlon,drug,ARIMA,-1.322958153419001,0.2994034953295601
Triathlon,drug,SARIMA,-1.3793357623299403,0.30666994270030334
Triathlon,drug,SARIMAX,-1.322958153419001,0.2994034953295601
Tug-Of-War,drug,ARIMA,1.0,0.0
Tug-Of-War,drug,SARIMA,1.0,0.0
Tug-Of-War,drug,SARIMAX,1.0,0.0
Volleyball,drug,ARIMA,-0.22872442744940868,0.22390089566855895
Volleyball,drug,SARIMA,-0.1113599726783665,0.20251448391028015
Volleyball,drug,SARIMAX,-0.22872442744940868,0.22390089566855895
Volleyball,equity,ARIMA,0.23208723576839152,0.0014009682557777749
Volleyball,equity,SARIMA,0.21825746042908634,0.0014261990855508572
Volleyball,equity,SARIMAX,0.23208723576839152,0.0014009682557777749
Volleyball,popularity,ARIMA,-0.5860098204122355,3.985839694996644e-05
Volleyball,popularity,SARIMA,-0.5423473371638239,3.87611045078023e-05
Volleyball,popularity,SARIMAX,-0.5860098204122355,3.985839694996644e-05
Volleyball,normalizedcountry,ARIMA,0.3302496633394755,0.00010858674097336316
Volleyball,normalizedcountry,SARIMA,0.21178542606957984,0.00012779336879108587
Volleyball,normalizedcountry,SARIMAX,0.3302496633394755,0.00010858674097336316
Volleyball,CV,ARIMA,-0.04079447639703537,0.004207682733039094
Volleyball,CV,SARIMA,-0.1181564913027815,0.00452043882628708
Volleyball,CV,SARIMAX,-0.04079447639703537,0.004207682733039094
Water Polo,drug,ARIMA,1.0,0.0
Water Polo,drug,SARIMA,1.0,0.0
Water Polo,drug,SARIMAX,1.0,0.0
Water Polo,equity,ARIMA,0.6385213169722884,0.012252069363574687
Water Polo,equity,SARIMA,0.6386638768927644,0.012247237393900826
Water Polo,equity,SARIMAX,0.6385213169722884,0.012252069363574687
Water Polo,popularity,ARIMA,-0.021169807262692686,1.7708767023634125e-05
Water Polo,popularity,SARIMA,-0.18337269711839488,2.0521632392925148e-05
Water Polo,popularity,SARIMAX,-0.021169807262692686,1.7708767023634125e-05
Water Polo,normalizedcountry,ARIMA,-0.12923389031623778,0.0005054825077066473
Water Polo,normalizedcountry,SARIMA,-0.12896073242009853,0.0005053602331809494
Water Polo,normalizedcountry,SARIMAX,-0.12923389031623778,0.0005054825077066473
Water Polo,CV,ARIMA,-0.08200827517541964,0.007903925084826206
Water Polo,CV,SARIMA,-0.16238156244378676,0.008491041150354815
Water Polo,CV,SARIMAX,-0.08200827517541964,0.007903925084826206
Weightlifting,drug,ARIMA,0.1141734835366951,59.25195143454551
Weightlifting,drug,SARIMA,0.09805782277423869,60.32991007665648
Weightlifting,drug,SARIMAX,0.1141734835366951,59.25195143454551
Weightlifting,equity,ARIMA,0.5345082272291688,0.015256693101925714
Weightlifting,equity,SARIMA,0.5176379060562708,0.015809625135791195
Weightlifting,equity,SARIMAX,0.5345082272291688,0.015256693101925714
Weightlifting,popularity,ARIMA,-0.4796091651863219,1.6696034980606665e-05
Weightlifting,popularity,SARIMA,-0.5962982423133454,1.8012764397676856e-05
Weightlifting,popularity,SARIMAX,-0.4796091651863219,1.6696034980606665e-05
Weightlifting,normalizedcountry,ARIMA,0.5143407696919028,0.008671270719828164
Weightlifting,normalizedcountry,SARIMA,0.4805793608297154,0.009274068520955329
Weightlifting,normalizedcountry,SARIMAX,0.5143407696919028,0.008671270719828164
Weightlifting,CV,ARIMA,-0.1106788609869056,0.02116800034861933
Weightlifting,CV,SARIMA,-0.4537169392203695,0.02770583087254183
Weightlifting,CV,SARIMAX,-0.1106788609869056,0.02116800034861933
Wrestling,drug,ARIMA,-0.0319058478145815,2.179614462995021
Wrestling,drug,SARIMA,-0.47208118998484716,3.1093626024013266
Wrestling,drug,SARIMAX,-0.0319058478145815,2.179614462995021
Wrestling,equity,ARIMA,0.5112478882199369,0.010892026218356816
Wrestling,equity,SARIMA,0.4422224339460895,0.012430284651546065
Wrestling,equity,SARIMAX,0.5112478882199369,0.010892026218356816
Wrestling,popularity,ARIMA,-0.10799065994817303,3.6335003112639e-05
Wrestling,popularity,SARIMA,0.0800122451476123,3.0169710941168836e-05
Wrestling,popularity,SARIMAX,-0.10799065994817303,3.6335003112639e-05
Wrestling,normalizedcountry,ARIMA,0.39319155270652173,0.005747616362910107
Wrestling,normalizedcountry,SARIMA,0.2568772962184678,0.007038768545420412
Wrestling,normalizedcountry,SARIMAX,0.39319155270652173,0.005747616362910107
Wrestling,CV,ARIMA,-0.13069406417814067,0.008156132799858004
Wrestling,CV,SARIMA,-0.12794713885054065,0.008136318166994
Wrestling,CV,SARIMAX,-0.13069406417814067,0.008156132799858004
